user_name,user_location,user_description,user_created,user_followers,user_friends,user_favourites,user_verified,date,text,hashtags,source,is_retweet
DeSota Wilson,"Atlanta, GA","Biz Consultant, real estate, fintech, startups, posts are not the view of my employer, RTs are not endorsements, military brat, @UNC alumnus, ΚΑΨ♦️ΦΝΠ, -DW = Me",2009-04-26 20:05:09,8534.0,7605,4838,False,2021-02-10 23:59:04,Blue Ridge Bank shares halted by NYSE after #bitcoin ATM announcement https://t.co/xaaZmaJKiV @MyBlueRidgeBank… https://t.co/sgBxMkP1SI,['bitcoin'],Twitter Web App,False
CryptoND,,😎 BITCOINLIVE is a Dutch platform aimed at informing the general public about crypto & technology! 😉 AND promoting it: https://t.co/5RYdRnUSud,2019-10-17 20:12:10,6769.0,1532,25483,False,2021-02-10 23:58:48,"😎 Today, that's this #Thursday, we will do a ""🎬 Take 2"" with our friend @LeoWandersleb, #Btc #wallet #security expe… https://t.co/go6aDgRml5","['Thursday', 'Btc', 'wallet', 'security']",Twitter for Android,False
Tdlmatias,"London, England","IM Academy : The best #forex, #SelfEducation, #Cryptocurrency trading education platform: https://t.co/LUr56q3Q19 🙋‍♂️ 💰 💰in the World 🗺..",2014-11-10 10:50:37,128.0,332,924,False,2021-02-10 23:54:48,"Guys evening, I have read this article about BTC and would like to share with you all - https://t.co/QxCZgmuy3B… https://t.co/o6wn7ppkVY",,Twitter Web App,False
Crypto is the future,,"I will post a lot of buying signals for BTC trading, so I hope that you block me. Drop all everything, Buy Bitcoin for the future I was together with you!",2019-09-28 16:48:12,625.0,129,14,False,2021-02-10 23:54:33,$BTC A big chance in a billion! Price: \4872644.0 (2021/02/11 08:51) #Bitcoin #FX #BTC #crypto,"['Bitcoin', 'FX', 'BTC', 'crypto']",dlvr.it,False
Alex Kirchmaier 🇦🇹🇸🇪 #FactsSuperspreader,Europa,"Co-founder @RENJERJerky | Forbes 30Under30 | Innovation Economist, Lateral Thinker, Futurist, #Crypto-enthusiast, facts over ideology! 
#Bitcoin",2016-02-03 13:15:55,1249.0,1472,10482,False,2021-02-10 23:54:06,"This network is secured by 9 508 nodes as of today. Soon, the biggest bears will recognise: #BTC in too big to fail… https://t.co/1XovDA8rKw",['BTC'],Twitter Web App,False
ZerrBenz™ ⚔ ✪ 20732,"Bkk, Thailand",I'm a cat slave 🐱 Interested in Blockchain · Tech · Internet Marketing · Affliate · Legit Airdrop. Have a nice day! ◡̈ Handcash: $zerrbenz,2010-01-12 07:00:04,742.0,716,2444,False,2021-02-10 23:53:30,"💹 Trade #Crypto on #Binance 

📌 Enjoy #Cashback 10% of the Trading fee
📌 Sign up link 👉 https://t.co/T4WttWeohc… https://t.co/Fc7dG5oI8W","['Crypto', 'Binance', 'Cashback']",Twitter Web App,False
Bitcoin-Bot,"Florida, USA",Bot to generate Bitcoin picture as combinations of icons with random quotes. message in about every two hours.,2019-12-23 16:49:16,131.0,84,5728,False,2021-02-10 23:53:17,"&lt;'fire' &amp; 'man'&gt;
#Bitcoin #Crypto #BTC https://t.co/CV9IyODy55","['Bitcoin', 'Crypto', 'BTC']",BTC_p_bot,False
Cryptocurrencies / EUR,,Stay updated on the main cryptocurrencies of the market | @cryptosUSD for USD | Do you miss any coin? ➡️ DMs open,2018-08-03 21:30:08,4052.0,1,9,False,2021-02-10 23:52:42,"🔄 Prices update in $EUR (1 hour):

$BTC   - 37082.1 €  (-0.51 %)
$ETH   - 1441.59 €  (+0.21 %)
$XRP   - 0.42 €    (… https://t.co/y3wlhAv2SX",,Cryptocurrencies prices to EUR,False
Mikcoin,,"Technical Analyst | Trader

No certainty, only possibilities.",2020-11-26 23:45:46,104.0,41,238,False,2021-02-10 23:52:25,"#BTC #Bitcoin #Ethereum #ETH #Crypto #cryptotrading 

$RSR I know i told you guys the target was $0.060, i know we… https://t.co/bvEtSnhs67","['BTC', 'Bitcoin', 'Ethereum', 'ETH', 'Crypto', 'cryptotrading']",Twitter Web App,False
DeSota Wilson,"Atlanta, GA","Biz Consultant, real estate, fintech, startups, posts are not the view of my employer, RTs are not endorsements, military brat, @UNC alumnus, ΚΑΨ♦️ΦΝΠ, -DW = Me",2009-04-26 20:05:09,8534.0,7605,4838,False,2021-02-10 23:52:08,.@Tesla’s #bitcoin investment is revolutionary for #crypto but other firms may not do the same just yet - @JPMorgan… https://t.co/WyKWfh0ELw,"['bitcoin', 'crypto']",Twitter Web App,False
@massumeh18 #RefinedWarrior #Activist,NOVA,Persistent. to the extreme... #FREEPALESTINE #PersianPride 🇮🇷❤️💚❤️,2009-01-05 13:28:47,1159.0,2185,30852,False,2021-02-10 23:52:04,Annnd #btc #Bitcoin is headed even higher now... https://t.co/EHAduI087d,"['btc', 'Bitcoin']",Twitter Web App,False
BittrexPrices,,Scans Bittrex’s main currencies hourly | Also @BinancePrices @KrakenPrices | We are not @BittrexExchange | Business ➡ cryptocurrencies.prices@gmail.com,2018-05-25 20:30:07,3131.0,1,18,False,2021-02-10 23:51:25,"🔄 Prices update in $USDT (1 hour):

$BTC - 44853.08 $     (-0.48 %)
$ETH - 1740.0 $       (-0.02 %)
$XRP - 0.5 $… https://t.co/v5oGvW7kLm",,Bittrex Prices,False
CPUcoin,Cayman Islands,The Sharing Economy for CPU/GPU Power. Revolutionizing how people automatically deploy and scale decentralized services and DApps.,2018-08-27 15:42:00,5097.0,791,52,False,2021-02-10 23:50:59,"Join our first virtual crypto meetup of 2021 - Crypto Fridays!

There is something for everyone, whether you're an… https://t.co/rPINdw6hCc",,Twitter Web App,False
One Perspective,Market Place,"It's all a market of markets.

Past performance of a security or strategy does not guarantee future results or investing success. #Bitcoin",2018-01-09 21:49:45,668.0,1097,6853,False,2021-02-10 23:50:30,#Bitcoin #BTC $BTC $GBTC $RIOT $MARA $ETH $ETHE #AAVE #DeFi $AAVE $COMP $CGLD $GRT #Crypto #cryptocurrency $XLM https://t.co/YiueUQr360,"['Bitcoin', 'BTC', 'AAVE', 'DeFi', 'Crypto', 'cryptocurrency']",Twitter for Android,False
CryptoSquawk,Australia,"24x7 Crypto market real-time audio squawk for Bitcoin / BitMEX day traders. Whale trade alerts, peak volume trading, price action. Buying / selling pressure.",2017-10-05 10:13:09,1281.0,25,72,False,2021-02-10 23:50:02,"⬆️⬆️ $BTC BUYING PRESSURE ALERT 📈 Price trading around 44843
          https://t.co/iMB1mj8Cs1 👈 #Bitcoin #crypto #BTC","['Bitcoin', 'crypto', 'BTC']",CryptoSquawkBot,False
$MOON,Moon,#Bitcoin,2010-07-12 09:07:42,4.0,32,139,False,2021-02-10 23:48:38,Buy #Bitcoin with 5% LIFETIME cashback on fees on the largest #cryptocurrency exchange with the link below.… https://t.co/Nr2Znh0qOx,"['Bitcoin', 'cryptocurrency']",Twitter Web App,False
Mr. Anderson,,"#Bitcoin
Long Term TA Trader. Mixing Old School & New School Tricks. DYOR! Teaching Future Traders To Fish For Themselves",2018-01-01 22:16:16,72542.0,519,19763,False,2021-02-10 23:48:37,"@naval #BTC is unconfiscatable 

All roads lead to #Bitcoin","['BTC', 'Bitcoin']",Twitter for iPhone,False
Crypto is the future,,"I will post a lot of buying signals for BTC trading, so I hope that you block me. Drop all everything, Buy Bitcoin for the future I was together with you!",2019-09-28 16:48:12,625.0,129,14,False,2021-02-10 23:47:32,$BTC A big chance in a million! Price: \4898631.0 (2021/02/11 08:45) #Bitcoin #FX #BTC #crypto,"['Bitcoin', 'FX', 'BTC', 'crypto']",dlvr.it,False
DeSota Wilson,"Atlanta, GA","Biz Consultant, real estate, fintech, startups, posts are not the view of my employer, RTs are not endorsements, military brat, @UNC alumnus, ΚΑΨ♦️ΦΝΠ, -DW = Me",2009-04-26 20:05:09,8534.0,7605,4838,False,2021-02-10 23:47:13,#Bitcoin institutional demand accelerates in 2021 says @Grayscale CEO https://t.co/HsbFlBwAL8 #BTC $BTC #crypto #cryptocurrency $GBTC,"['Bitcoin', 'BTC', 'crypto', 'cryptocurrency']",Twitter Web App,False
Crypto Signaler,,#Crypto #Signaler #Cryptocurrency #Coin #Bitcoin #BTC #Blockchain #Binance #Trade #investment,2018-04-08 23:44:11,587.0,30,12,False,2021-02-10 23:46:39,"Signal: $TFUEL
#TFUEL #ThetaFuel #Binance #Crypto #Signaler #Signal #BTC #Bitcoin https://t.co/0ZBX9pMGkB","['TFUEL', 'ThetaFuel', 'Binance', 'Crypto', 'Signaler', 'Signal', 'BTC', 'Bitcoin']",Twitter for Android,False
Crypto Market,,"Live crypto market indicator (price, news, ico & much more).
#Bitcoin #BTC #Doge #Dogecoin #Cryptocurrency #Crypto #eth",2018-09-07 22:44:40,26.0,57,115,False,2021-02-10 23:46:23,"$ADA Sky rocket 🔥🚀 #Patience 🔑
$1 Soon !!! 
#ada #adausdt #btc #bitcoin #adacoin https://t.co/W5XI5fDemG","['Patience', 'ada', 'adausdt', 'btc', 'bitcoin', 'adacoin']",Twitter for Android,False
Crypto M🕶️stache ! 🇧🇪🇯🇴🇳🇱🇮🇪,World,"Cryptomaniac 24/7 bullish! 
Believe in Technology and Innovation!
Favorites: btc, xlm, xrp 🚀🚀🚀


Blocked by most of the NVA (belgium) 😆😆😆👍",2011-05-17 18:14:49,274.0,773,6404,False,2021-02-10 23:46:17,"Forget all you know about #cryptocurrency 
These 6 coins are listed in #NASDAQ ETF!!!
These are the real ones with… https://t.co/XRyMP0yIcF","['cryptocurrency', 'NASDAQ']",Twitter for Android,False
Humayun MHA,Pakistan,"💻 Android App Developer
📈 Crypto & Forex Trader
💀 Ethical Hacker
💫 Astromer
💲 Investor
📹 Vloger
🎥 Youtuber
#bitcoin
We Make Our Own Luck 🖖
#HumayunMHA",2016-08-18 22:00:24,1392.0,780,960,False,2021-02-10 23:45:20,"$ADA Sky rocket 🔥🚀 #Patience 🔑
$1 Soon !!! 
#ada #adausdt #btc #bitcoin #adacoin https://t.co/EMFjcarTNy","['Patience', 'ada', 'adausdt', 'btc', 'bitcoin', 'adacoin']",Twitter for Android,False
Alex Jiménez,"Las Vegas, NV",Chief Strategy Officer @Extractable #Fintech #Payments #InsurTech #DigitalMarketing #Innovation | @HofstraU #BSME @AdelphiU #MBA Views my own! 🇨🇴🇪🇸🇮🇱🇺🇸,2012-04-25 15:26:53,14469.0,822,40097,True,2021-02-10 23:45:03,"#Bitcoin’s Rally Signals the Rise of Digital Assets. This Bank Is Ahead of the Game. 

https://t.co/rfnDfm1Rjm via… https://t.co/YglNnC1LVn",['Bitcoin'],Hootsuite Inc.,False
Andrew,,"$TSLA #Bitcoin $Nio 
Formula One",2012-07-16 23:23:58,560.0,590,33782,False,2021-02-10 23:44:57,"The writing is on the wall, and you are ignoring it. #bitcoin #BTC","['bitcoin', 'BTC']",Twitter Web App,False
Stefan Gyarmati,"München, Bayern",CEO & PRESIDENT SG GROUP,2009-06-01 21:00:46,62.0,288,2656,False,2021-02-10 23:44:43,#Bitcoin #BTC #ADA #DOT Mastercard Will Let Merchants Accept Payments in Crypto This Year https://t.co/ycv8nn9k1S via @coindesk,"['Bitcoin', 'BTC', 'ADA', 'DOT']",Twitter for iPhone,False
DeSota Wilson,"Atlanta, GA","Biz Consultant, real estate, fintech, startups, posts are not the view of my employer, RTs are not endorsements, military brat, @UNC alumnus, ΚΑΨ♦️ΦΝΠ, -DW = Me",2009-04-26 20:05:09,8534.0,7605,4838,False,2021-02-10 23:44:02,"After @Tesla: @Twitter considers adding #bitcoin to its balance sheet, says company’s CFO https://t.co/WSFoxdU6du… https://t.co/FivKtnO42w",['bitcoin'],Twitter Web App,False
Forza,,"Cryptocurrency enthusiast 🚀

$THETA $DCR $ICX $FTM $KAI $XOR $DDIM $TRB $RAMP $NEBL $DSLA $DEV $ASKO",2019-03-09 15:03:18,645.0,487,1178,False,2021-02-10 23:44:02,"$ASKO has been nothing short of a wild ride .. was a bit shaky the past few days, but the chart is rebounding nicel… https://t.co/biSzSpzocJ",,Twitter Web App,False
FOMO King,,"Been through life.
I don't live on the internet all day.
Crypto enthusiast, but not a maximalist. 
Nothing I post is financial advice.
Jesus Wins✝️",2015-10-29 06:05:35,168.0,822,6919,False,2021-02-10 23:42:49,"Let's go $yfi... Let's make this happen before the weekend. 
#crypto $btc #btc  #Bitcoin","['crypto', 'btc', 'Bitcoin']",Twitter Web App,False
Adriana Itzel,,,2021-02-10 23:08:04,0.0,19,0,False,2021-02-10 23:42:22,"Binance is the #1 crypto trading platform for both beginners and experts!

Sign up here: https://t.co/6lpwlElh6r… https://t.co/hAAnhSB2Ao",,Twitter Web App,False
Hugo Ramos,"Lisbon, Portugal","#bitcoin Entrepreneur, Master in Communication and Information Technologies, Crypto Miner-Trader-Investor, former Cypherpunk, Hacker, Pirate, VP of Engineering",2020-09-18 16:50:23,872.0,158,1080,False,2021-02-10 23:40:48,#BTC/USD 4H. #Bitcoin consolidating between support ~$43k and resistance ~$47.5k. Stop loss should be ~$42.5k and e… https://t.co/Hd00WT83WE,"['BTC', 'Bitcoin']",Buffer,False
DeSota Wilson,"Atlanta, GA","Biz Consultant, real estate, fintech, startups, posts are not the view of my employer, RTs are not endorsements, military brat, @UNC alumnus, ΚΑΨ♦️ΦΝΠ, -DW = Me",2009-04-26 20:05:09,8534.0,7605,4838,False,2021-02-10 23:40:36,The @Grayscale #Bitcoin Trust: What it is and how it works https://t.co/4TbFiB2NVZ $GBTC #digital #asset #fund #BTC… https://t.co/mIof1zWhYb,"['Bitcoin', 'digital', 'asset', 'fund', 'BTC']",Twitter Web App,False
100UnitBets,"MLB, NFL, NBA, NCAAF, NCAAB",One bet every day. Join our team and become part of the 3% of profitable sports bettors.,2014-12-16 23:27:28,2019.0,104,71,False,2021-02-10 23:40:21,"We accept #Bitcoin, #BitcoinCash #Litecoin and #Ethereum in addition to traditional payments. Sorry, no #dogecoin y… https://t.co/53eB9cKq5n","['Bitcoin', 'BitcoinCash', 'Litecoin', 'Ethereum', 'dogecoin']",Twitter Web App,False
Majin,,Don’t wait  Send them to hell,2020-12-21 14:14:58,4.0,4,64,False,2021-02-10 23:39:47,"If #XRP can stay at this 0.5 level
Tonight should be crazy #Bitcoin #Ethereum #BTC","['XRP', 'Bitcoin', 'Ethereum', 'BTC']",Twitter Web App,False
Mikcoin,,"Technical Analyst | Trader

No certainty, only possibilities.",2020-11-26 23:45:46,104.0,41,238,False,2021-02-10 23:39:26,"#BTC #Bitcoin #Ethereum #ETH #Crypto #cryptotrading 

What $ETH do next will determine where the local top will be.… https://t.co/CmN3QKGbtF","['BTC', 'Bitcoin', 'Ethereum', 'ETH', 'Crypto', 'cryptotrading']",Twitter Web App,False
Dr. ir Johannes Drooghaag (JD) 🛡,"Germany, Europe",Proud Dad ° CEO Spearhead Management @Spearheadman ° CEO JD-Publishing @JD_Publishing ° Photography 👉 https://t.co/RlKTkgnIYC ° #GotAMinute ° #TWOgether #SDGs 🇳🇱🇪🇺🌍,2015-08-18 13:57:19,30610.0,3470,236638,False,2021-02-10 23:38:52,"🔵 Upfront and Personal!

Episode 3: Blockchain and cryptocurrencies

#CyberSecurity #Blockchain #Crypto… https://t.co/0OsAy1EgTN","['CyberSecurity', 'Blockchain', 'Crypto']",Twitter Web App,False
NatoShƐƐ 🚀🔴🦂,,"#BITCOIN 
21 Million, 21st year, 21st century.
🤟🪨🚀🌚
Move fast break things, worth it!
#tesla #spacex
Everything is a bubble man, including the universe.",2010-06-18 11:29:12,93.0,532,1151,False,2021-02-10 23:36:52,"Ok Boomer. #bitcoin #BTC 
https://t.co/QuGRykOBPJ","['bitcoin', 'BTC']",Twitter Web App,False
⛓C🅡ypⓣo Balle🅡⛓ ⓣ,,$DOT $LINK $TEL $ZIL $RSR $GRT $CRV 💎🙌🏾,2014-09-14 21:32:25,1321.0,350,29645,False,2021-02-10 23:36:40,"Three of my precious gems reached their ATH today!!
$LINK $28.56
$DOT $24.76
$GRT $1.26

These powerhouses are only… https://t.co/IaptfqhJxs",,Twitter Web App,False
CappyTrades🍀,,"Calling out tickers that you should probably look into. Paper trade my calls and see how you feel. All opinion, never financial advice.",2020-10-08 23:24:36,99.0,89,1568,False,2021-02-10 23:35:27,Holy smokes! $MARA #BTC #Bitcoin https://t.co/36UIokbdeA,"['BTC', 'Bitcoin']",Twitter Web App,False
KrakenPrices,,"Scans Kraken's main currencies hourly | Also @BittrexPrices @BinancePrices | Not official, we are not @Krakenfx | Business ➡ cryptocurrencies.prices@gmail.com",2018-05-25 21:11:08,3210.0,1,28,False,2021-02-10 23:35:12,"🔄 Prices update in $USD (1 hour):

$BTC - 45320.1 $ (+0.28 %)
$ETH - 1754.37 $ (+0.72 %)
$XRP - 0.51 $    (+1.57 %)… https://t.co/mj2551wucp",,Kraken prices,False
#Mailey,"Vancouver, BC",Lucky fool making decisions and money based on History | Market Cycles | Investing | Behavioural Economics | Probabilities | Randomness and Uncommon Sense..,2020-11-03 19:10:23,314.0,182,8639,False,2021-02-10 23:34:58,"Free #Mailey Advice:

Imagine in 2019 there was a #Bitcoin mining company that mined 20000 #BTC qtrly and held them… https://t.co/jh9lGKZU3X","['Mailey', 'Bitcoin', 'BTC']",Twitter Web App,False
DeSota Wilson,"Atlanta, GA","Biz Consultant, real estate, fintech, startups, posts are not the view of my employer, RTs are not endorsements, military brat, @UNC alumnus, ΚΑΨ♦️ΦΝΠ, -DW = Me",2009-04-26 20:05:09,8534.0,7605,4838,False,2021-02-10 23:34:33,"Price analysis 2/10: #BTC, #ETH, #ADA, #XRP, #DOT, #BNB, #LTC, #LINK, #DOGE, #BCH https://t.co/EvRdpEDG9C $BTC… https://t.co/V8MSKRoi5M","['BTC', 'ETH', 'ADA', 'XRP', 'DOT', 'BNB', 'LTC', 'LINK', 'DOGE', 'BCH']",Twitter Web App,False
The Third Coast,,"Straightforward technical analysis for equities, precious metals, and digital currencies.  No politics. No financial advice.",2020-05-14 22:20:54,202.0,28,659,False,2021-02-10 23:34:25,Rally got a little ahead of itself for #bitcoin with the @elonmusk tweets and #Tesla news.  Likely needs to come ba… https://t.co/MamCHfd98q,"['bitcoin', 'Tesla']",Twitter Web App,False
Mike Sharkey,,#Cryptocurrency Investor. @Penn_State Alum. #Tech Junkie. #WorldTraveler. #CrohnsDisease Fighter & #ChronicIllness #Advocate.,2009-05-17 15:00:52,896.0,2437,5001,False,2021-02-10 23:34:04,"$TEL everyone... #CGash marketing may begin tomorrow. Buy #Telcoin on #Kucoin while it's still on sale! 💰🔥

$TEL he… https://t.co/MN2MyDuRzA","['CGash', 'Telcoin', 'Kucoin']",Twitter for iPhone,False
FinTech News Hub,United States,FinTech News Hub is a Blockchain and Cryptocurrency news aggregator platform fetching daily quality content from the best crypto resources across the web.,2016-09-29 12:32:04,348.0,126,638,False,2021-02-10 23:33:55,Our featured article for today! Please don't forget to subscribe to our daily newsletter at https://t.co/m3cSYfC4Bw… https://t.co/FriqVzRQVO,,Paper.li,False
Bitcoin Alert!,World,Automatically tweets when important changes happened on $BTC price. Turn notifications on! #Bitcoin $btcusd #btc #btcusd,2017-05-26 16:01:28,9213.0,5,19,False,2021-02-10 23:33:12,"🔼🔼 ₿1 = $45,287 (23:33 UTC)
$BTC prices continue to rise!
Currently rising but change since midnight: -2.75%… https://t.co/L0AVtBCqSU",,Bitcoin Degisti!,False
Nishant Bhardwaj,"Kota, Rajasthan","Philosopher, psychologist, spiritual, writer and a full time seeker. RW until India get a better option. Tweets may be offensive but are purely organic views.",2010-07-01 06:59:21,662.0,155,915,False,2021-02-10 23:33:00,"$CVC. That’s the tweet. 🚀 

#Bitcoin #BTC #dogecoin https://t.co/cK75NBGN6c","['Bitcoin', 'BTC', 'dogecoin']",Twitter for iPhone,False
Tonya Barris,,,2020-12-29 16:55:33,0.0,16,2,False,2021-02-10 23:32:35,Who want to learn about Forex trading and join a great team? #forex #forexsignals #trading #forextrader #forextrade… https://t.co/g1UaA1nkJ1,"['forex', 'forexsignals', 'trading', 'forextrader', 'forextrade']",Twitter for iPhone,False
WSB Crypto Mod 🚀🚀🚀,,"If #Wallstreetbets can take on Banks & Hedge Funds to pump stocks +1000%, we can pump #bitcoin to over $100k in 2021 - Follow us for the next #crypto coin pumps",2018-01-23 21:49:55,4309.0,941,4839,False,2021-02-10 23:32:14,"Institutions are buying #Bitcoin  

Over $100 million worth of $BTC, got moved to cold storage just today! 

Don’t… https://t.co/FLAxRkyQMg",['Bitcoin'],Twitter for iPhone,False
Langer Dan Returns,Wouldn't You like to know.,A victim of radical social media censorship.,2020-11-04 11:26:40,31.0,26,1207,False,2021-02-10 23:32:12,Me while I'm HODLing #Bitcoin #BTC https://t.co/63wMgCOtI5,"['Bitcoin', 'BTC']",Twitter Web App,False
DeSota Wilson,"Atlanta, GA","Biz Consultant, real estate, fintech, startups, posts are not the view of my employer, RTs are not endorsements, military brat, @UNC alumnus, ΚΑΨ♦️ΦΝΠ, -DW = Me",2009-04-26 20:05:09,8534.0,7605,4838,False,2021-02-10 23:31:40,#Crypto prices | 6:30 PM | 2/10/21 https://t.co/t9zjlZZpbc #Bitcoin #BTC $BTC #Ethereum #ETH #Tether #USDT… https://t.co/yp4VQd5rpl,"['Crypto', 'Bitcoin', 'BTC', 'Ethereum', 'ETH', 'Tether', 'USDT']",Twitter Web App,False
Brock Connelly 📉📈,OptionsOnBitcoin.com,Founder- RoundBlock Capital - CME #BITCOIN #ETH Futures & Options Brokers -Institutional Clearing/Execution/OTC/Advisory + Individual Trading Services- #BTC,2019-04-09 21:28:48,513.0,457,1837,False,2021-02-10 23:31:39,"CME #Bitcoin, avg volume break into the US session, then selling shut off...

#BTC premiums and perp funding largel… https://t.co/631QbfqK9B","['Bitcoin', 'BTC']",Twitter Web App,False
Would you give me 100 bitcoin ?,London,Start with nothing you will Succeed . Be creative . Science / Engineering / Macro / AI,2019-06-21 05:54:35,282.0,696,14546,False,2021-02-10 23:31:35,"If I was to ask every bitcoin whale for a chance if they would give me 100 bitcoin , I am 100 % positive I would su… https://t.co/RWkDekKmOi",,Twitter for iPhone,False
🔸️Bitcoin Pixel🔸️,,I discovered crypto in 2019 on Youtube. Since then I have been an investor 💰 and holder 💪 #bitcoin,2015-07-08 13:44:42,1873.0,75,676,False,2021-02-10 23:30:47,"🔴 QUESTION :

I decided to accumulate #BNB

#crypto #bitcoin #Ethereum #xrp #aave #altcoin #bullrun #Chainlink… https://t.co/UiOCOY9jpb","['BNB', 'crypto', 'bitcoin', 'Ethereum', 'xrp', 'aave', 'altcoin', 'bullrun', 'Chainlink']",Twitter for Android,False
PiRoyot,,Test Twitter Bot for Pi,2020-06-07 10:46:59,1.0,0,0,False,2021-02-10 23:30:01,"Market Id : BTC-AUD
Last Price :58798.83
24 Hour High :61550
24 Hour Low :57009.19
Best Bid :58655.47
Best Ask : 58798.83
#btc #bitcoin","['btc', 'bitcoin']",HashTagTrendRoy,False
Max Payne Crypto,,,2020-11-12 18:11:58,7.0,36,23,False,2021-02-10 23:29:53,"Christmas came early! 🎄🎁❄️⛄️

The Restore Token airdrop is live!
The next generation of passive issuance that is on… https://t.co/P3IMjVBx75",,Twitter Web App,False
Bitcoin Price,,"Coin prices every 2 hours.   
Data Source : @Bitstamp

Source Code : https://t.co/lNh9JBGouG…",2014-09-03 11:47:09,4279.0,3,3,False,2021-02-10 23:29:51,"1 Bitcoin ( #BTC )
Dollar: 45,157.22$ 

1 Bitcoin Cash ( #BCH )
Dollar: 4,98.32$ 

1 Ethereum ( #ETH )
Dollar: 1,75… https://t.co/POtgGFZowH","['BTC', 'BCH', 'ETH']",RdemirTwitBot,False
Bar Trader🍸,Deutschland,life is sarcastic tho... #potstocks #crypto #gold #silver #ev #uranium #commodities #ree #theme 🇩🇪 🇨🇦 🇺🇸 🇮🇱 he/str8/big🍆,2020-03-16 22:16:20,429.0,77,34734,False,2021-02-10 23:28:47,"@nikon_invest Friends in early 2017 like „mate, better just burn your money instead of buying #Bitcoin scam...“
Sam… https://t.co/r64vQDpeBY",['Bitcoin'],Twitter for iPhone,False
Australian FinTech,Australia,"Australian FinTech showcases Australia’s best and brightest FinTech companies and promotes them to the world. #AustralianFinTech #FinTech 
Since 2015.",2015-07-21 23:25:07,8323.0,1912,3014,False,2021-02-10 23:28:27,"As #bitcoin continues to soar, what should you look out for in a #digitalcurrencyexchange?… https://t.co/ZaFYCVba3N","['bitcoin', 'digitalcurrencyexchange']",Twitter Web App,False
CryptoSquawk,Australia,"24x7 Crypto market real-time audio squawk for Bitcoin / BitMEX day traders. Whale trade alerts, peak volume trading, price action. Buying / selling pressure.",2017-10-05 10:13:09,1281.0,25,72,False,2021-02-10 23:28:14,"⬆️⬆️ $BTC BUYING PRESSURE ALERT 📈 Price trading around 45164
          https://t.co/iMB1mj8Cs1 👈 #Bitcoin #crypto #BTC","['Bitcoin', 'crypto', 'BTC']",CryptoSquawkBot,False
CryptⓋ™️,,#Bitcoin $VET $ETH $ONE $ZIL $CSC $TEL,2019-08-05 12:28:40,91.0,290,1144,False,2021-02-10 23:27:45,"@vetJTT Your thought on 580 Sats (current price in USD would be .261); that’s by May 3?  If so, what is your target… https://t.co/9osOcAIruj",,Twitter for iPad,False
(ABF)-All Bit.Faucet,,Just Follow to get faucet info :) #bitcoin #faucet,2015-02-08 12:27:19,1024.0,839,38,False,2021-02-10 23:26:22,"https://t.co/RoeR1YOsp7: https://t.co/k1u8bhujId,  Pay: 501-1501 satoshi every hour #faucetbitcoin #bitcoin #btc","['faucetbitcoin', 'bitcoin', 'btc']",twittbot.net,False
The Money Wolf,,"Trader & Engineer & EngineeringRobo Shark. 
Trade like a wolf.
#Engineeringrobo & #Bitcoin",2019-10-16 21:32:02,467.0,71,864,False,2021-02-10 23:26:19,"Let's break them all!!! ⚡️⚡️⚡️
Let's take you to the $7.00!

@CurveFinance $CRV #BTC #Bitcoin #Cryptocurrencies https://t.co/vmHbircM1d","['BTC', 'Bitcoin', 'Cryptocurrencies']",Twitter Web App,False
Billions777,"Beverly Hills, CA   Aspen, CO ","++High Alpha Super Growth Investing: Crypto #BTC $LINK; SPACs; iGaming; EV; Biotech and more 

 - We Just Win -       

**my tweets are not investment advice",2019-12-20 22:25:41,313.0,434,3994,False,2021-02-10 23:25:35,#Bitcoin So now $AMZN $WMT and all the others will be able to accept #BTC as payment. Do you know how HUGE that is… https://t.co/xldOEQDzvY,"['Bitcoin', 'BTC']",Twitter Web App,False
#dogecoin,MOON,#Dogecoins #dogecoin #doge #dogecointo1dollar #dogearmy,2020-01-06 02:23:39,38.0,81,1068,False,2021-02-10 23:24:41,"Pi is a new digital currency developed by doctors of science from Stanford, with over 10 million members worldwide.… https://t.co/QUJajV7vrB",,Twitter Web App,False
CREAM [CRM],www.pool.creamcoin.com,"CREAM
https://t.co/k9xpyyYqZs",2017-05-24 13:51:51,9677.0,3266,2702,False,2021-02-10 23:24:21,"https://t.co/VwKeMIxiqt
Cream E-Store
#creamcoin #bitcoin #litecoin #ethereum #blockchain #exchange #btc #cryptocurrency","['creamcoin', 'bitcoin', 'litecoin', 'ethereum', 'blockchain', 'exchange', 'btc', 'cryptocurrency']",Cream Auto Tweet,False
Ron Lewis,"Swanley, South East","XRP Researcher, Sharing Crypto News Daily ☆  Researching & Chronicling  the Digital Decade, Reports, Analysis, & YouTube Videos, Our passion Is  XRP...☆",2016-11-23 01:03:53,1379.0,4966,842,False,2021-02-10 23:23:42,"What The Regulators are Saying..
Christine Lagarde Speaks Out
&amp; its Not All Good ? But For Whom ?… https://t.co/uDtwmGzJx1",,Twitter for Android,False
DataPool,,"A Club For Artificial Intelligence 🧮
Tell us which data you need📊
Contact for Twitter Insights🐦",2017-04-04 17:07:54,2807.0,317,160,False,2021-02-10 23:23:34,"Eth Twitter Insight Words 

Last 7 Days
#btc #bitcoin #cryptocurrency
More Detail
👉https://t.co/pB0wYdxVAH https://t.co/9c0fhmcyE1","['btc', 'bitcoin', 'cryptocurrency']",datapool.app,False
AmazonCoin.io,Jungle,"👉 https://t.co/U0GNQ7fs9m Amazon DeFi, Nature DeFi 🌱🌿🌳 #amazoncoin",2017-11-15 14:44:48,1036.0,0,8,False,2021-02-10 23:23:02,"https://t.co/gJjWvcDcH7 💯
https://t.co/Ch3mVOzSJE 💯

🚀🌱👉 https://t.co/GydSZXKIno

#AmazonCoin $AMA #amazon #pay… https://t.co/6DKKJJBlkJ","['AmazonCoin', 'amazon', 'pay']",Twitter for Android,False
CryptJj,,𝚂𝚒𝚗𝚌𝚎 𝟸𝟶𝟷𝟽... 𝙺𝚎𝚎𝚙𝚒𝚗𝚐 𝚎𝚢𝚎𝚜 𝚙𝚎𝚎𝚕𝚎𝚍 𝚏𝚘𝚛 𝚖𝚘𝚛𝚎 𝚌𝚛𝚢𝚙𝚝𝚘 𝚝𝚊𝚕𝚎𝚜. $MRX $BART $SHARD $NOIR $VSYNC $FERA,2020-12-17 09:11:56,49.0,243,192,False,2021-02-10 23:22:43,It’s almost here Platform X. If you stumbled across this tweet &amp; had no idea about $Shard @ShardaxOfficial this 100… https://t.co/1xJrWASvqo,,Twitter for iPhone,False
Trading MarcoDaCosta,StocksLand 💶💵💷,Investor. Trader. Thinker. Trading Strategist. 💶Private Financial Advisor. #Bitcoin #Binance #BSC #OptionsTrading 🎱,2010-03-01 19:35:17,5366.0,927,34484,False,2021-02-10 23:22:38,$MA 💳 #MASTERCARD TO OPEN UP NETWORK TO SELECT #CRYPTOCURRENCIES - RTRS. #Bitcoin #dogecoin 🏵 #Binance #BTC #DogecoinToTheMoon 🐕 #BNB,"['MASTERCARD', 'CRYPTOCURRENCIES', 'Bitcoin', 'dogecoin', 'Binance', 'BTC', 'DogecoinToTheMoon', 'BNB']",Twitter for iPhone,False
Douglas Borthwick 🏴󠁧󠁢󠁳󠁣󠁴󠁿,"New: York, Canaan, Haven  ","Chief Marketing Officer, Head of Biz Development 
@INXLimited


Interest in Digital Securities, Security Tokens, Crypto, Macro and FX. Opinions my own...",2010-07-25 14:56:44,6588.0,706,3054,False,2021-02-10 23:22:26,Any company that wants to shield income from taxes will follow @elonmusk and @Tesla example with #Bitcoin Why? Read… https://t.co/5QodT56X0X,['Bitcoin'],Twitter for Android,False
Crypto Funder,Crypto Heaven,Crypto NEWS and SPECULATIONS 📰,2021-02-10 21:22:18,6.0,0,29,False,2021-02-10 23:22:02,"$129 Million of Bitcoin was moved from one cold storage wallet to a new cold storage wallet. 

-&gt; Institutions are… https://t.co/GYPGkoCc2P",,Twitter Web App,False
Bitcoin SpaceX,"New York, USA",#Bitcoin #Cryptocurrency,2019-10-05 15:49:39,394.0,539,5122,False,2021-02-10 23:21:44,My opinion is the clients - either Migros Switzerland or $IBM just bought those $AMB Ambrosus coins before they off… https://t.co/LkkAehMz98,,Twitter for iPhone,False
Trading MarcoDaCosta,StocksLand 💶💵💷,Investor. Trader. Thinker. Trading Strategist. 💶Private Financial Advisor. #Bitcoin #Binance #BSC #OptionsTrading 🎱,2010-03-01 19:35:17,5366.0,927,34484,False,2021-02-10 23:21:19,$MA 💳 #Mastercard Will Let Merchants Accept #Payments in #Crypto This Year. #Bitcoin #BTC #Binance #DOGE 🏵 #BNB https://t.co/9VusJAhZAZ,"['Mastercard', 'Payments', 'Crypto', 'Bitcoin', 'BTC', 'Binance', 'DOGE', 'BNB']",Twitter for iPhone,False
Cindi.eth🏴 §stacks,instagram.com/cindi_kit/,"#Bitcoin #Ethereum 
🚀Defi Degen & Domains! 
#Crypto #defi #uniswap #cryptocurrency #Eth #HorrorFamily #sushi #domains",2016-04-12 12:17:04,1404.0,4997,67785,False,2021-02-10 23:20:57,"🚀OptionBitcoin. com
⬇️Domain Avail 
➡️https://t.co/lTHhIQvMo6

#bitcoinoptions #Bitcoin #crypto #options #BTC #cme… https://t.co/X1zHE29aSC","['bitcoinoptions', 'Bitcoin', 'crypto', 'options', 'BTC', 'cme']",Twitter for Android,False
Trading MarcoDaCosta,StocksLand 💶💵💷,Investor. Trader. Thinker. Trading Strategist. 💶Private Financial Advisor. #Bitcoin #Binance #BSC #OptionsTrading 🎱,2010-03-01 19:35:17,5366.0,927,34484,False,2021-02-10 23:20:36,"#Bitcoin to Hit $60-64K Soon, Asserts Analyst Despite Price Dip. #BTC #Binance #BNB https://t.co/VgmvVAlREl","['Bitcoin', 'BTC', 'Binance', 'BNB']",Twitter for iPhone,False
Mike Chambers at Northey Point,"London, Essex and Suffolk",Unpacking the UK’s retail payments landscape with my newsletter - subscribe at: https://t.co/LE1EJIArzG,2015-02-11 12:44:29,1335.0,797,2394,False,2021-02-10 23:19:38,"MasterCard to integrate digital currency payments “directly on our network” 

#crypto #Bitcoin #BTC ⁦@MastercardUK⁩… https://t.co/DQTb1JlFM3","['crypto', 'Bitcoin', 'BTC']",Twitter for iPhone,False
Hamzasb,,@ElrondNetwork #Maiar #EGLD #dogecointoadollar #bitcoin,2020-07-14 16:44:01,291.0,991,5485,False,2021-02-10 23:19:24,We are starting a #revolution with @ElrondNetwork Download #Maiar and See What The Hype is All About $EGLD #ADA… https://t.co/oEGoP6dXIB,"['revolution', 'Maiar', 'ADA']",Twitter for Android,False
CryptoParos,New York,Pilot + Industrial Engineer + PhD in World Politics. TA's never investment advice. https://t.co/6IC98De3tT,2020-09-04 23:54:04,4150.0,0,1802,False,2021-02-10 23:19:11,"Is it BULLSEYE again !!! 🎯🎯🎯

AION / BTC (Before &amp; after)

#AIONBTC hit all the targets set by #CryptoParos.

14 %… https://t.co/2cyyjWVCVa","['AIONBTC', 'CryptoParos']",Twitter Web App,False
PaulCrypto.com,"Bathurst, New Brunswick, Canada",2020,2010-03-25 00:55:52,4817.0,3657,859,False,2021-02-10 23:19:10,#Bitcoin On-Chain Activity Hits New Records - #Breaking #BTC #BTCUSDTradingView #BTCUSDTTradingView #CryptoNews - https://t.co/Ts7qlZn9n0,"['Bitcoin', 'Breaking', 'BTC', 'BTCUSDTradingView', 'BTCUSDTTradingView', 'CryptoNews']",paulcrypto,False
News Corpse,The Cemetary...USA,Let NewsCorpse78 be your source for odd news on Twitter!,2011-12-27 03:20:50,3072.0,3336,24,False,2021-02-10 23:18:38,"Forget #Dogecoin. #Bitcoin is still available to us poorer folks! Up to $200 per hour free, no catch, notta zilch!… https://t.co/wbC9k4eYUD","['Dogecoin', 'Bitcoin']",Twitter Web App,False
Ｆｉｎｔｅｃｈ ＵＫ 🇬🇧,United Kingdom,"#FinTechUK | Doing our bit to make the UK a global #FinTech HQ | Working with international friends, peers & groups on #FinTech @oakeslaw",2015-09-07 21:57:23,1950.0,110,1378,False,2021-02-10 23:18:15,"2,292.2542 of #BTC was transferred today from a #Coinbase wallet to an unknown one. Value was $101,815,030 USD. Via… https://t.co/OJfVArcH1k","['BTC', 'Coinbase']",Twitter for Android,False
brendan,,,2009-03-22 22:06:02,291.0,1833,26,False,2021-02-10 23:17:03,🤝 Follow me on @betfury_io. Let's hunt for Bitcoins together! Get an exciting experience on #1 I-Gaming platform wi… https://t.co/spar4iFKn5,,Twitter Web App,False
CryptJj,,𝚂𝚒𝚗𝚌𝚎 𝟸𝟶𝟷𝟽... 𝙺𝚎𝚎𝚙𝚒𝚗𝚐 𝚎𝚢𝚎𝚜 𝚙𝚎𝚎𝚕𝚎𝚍 𝚏𝚘𝚛 𝚖𝚘𝚛𝚎 𝚌𝚛𝚢𝚙𝚝𝚘 𝚝𝚊𝚕𝚎𝚜. $MRX $BART $SHARD $NOIR $VSYNC $FERA,2020-12-17 09:11:56,49.0,243,192,False,2021-02-10 23:16:41,"One of the slickest, sexiest, easy to use wallets you will ever find. Try @Infinity_Wallet and you won’t look back.… https://t.co/4kZx6uDAH7",,Twitter for iPhone,False
Simon Johnson,Australia 🇦🇺,Security • Risk • Ex Banker • Online Since 1989 • Journalist • #Bitcoin Investor • Blockchain HQ • 🎬 🎥 Subscribe to my ▶️ Youtube Channel #Crypto Profits👇🏻,2008-04-23 06:58:19,11784.0,3811,110,False,2021-02-10 23:15:40,Big news from MasterCard. They are working to support #crypto ! 💥 Guess what’s going to happen to the price of… https://t.co/1J1SoGqCgs,['crypto'],Twitter for iPhone,False
Billions777,"Beverly Hills, CA   Aspen, CO ","++High Alpha Super Growth Investing: Crypto #BTC $LINK; SPACs; iGaming; EV; Biotech and more 

 - We Just Win -       

**my tweets are not investment advice",2019-12-20 22:25:41,313.0,434,3994,False,2021-02-10 23:13:36,"#BTC #Bitcoin And here we GO Again!

@elonmusk @WSBChairman #WSB #WallStreetBets $GME $AMC #Coinbase #Binance $SLV… https://t.co/Me6jY5Ogqu","['BTC', 'Bitcoin', 'WSB', 'WallStreetBets', 'Coinbase', 'Binance']",Twitter Web App,False
CryptJj,,𝚂𝚒𝚗𝚌𝚎 𝟸𝟶𝟷𝟽... 𝙺𝚎𝚎𝚙𝚒𝚗𝚐 𝚎𝚢𝚎𝚜 𝚙𝚎𝚎𝚕𝚎𝚍 𝚏𝚘𝚛 𝚖𝚘𝚛𝚎 𝚌𝚛𝚢𝚙𝚝𝚘 𝚝𝚊𝚕𝚎𝚜. $MRX $BART $SHARD $NOIR $VSYNC $FERA,2020-12-17 09:11:56,49.0,243,192,False,2021-02-10 23:13:09,"Don’t forget to VOTE for the next coin to be added to @Infinity_Wallet $Shard 

.... licking my lips in anticipatio… https://t.co/rgLfm7TqSW",,Twitter for iPhone,False
Mr Coin Miner 💯,London,#Bitcoin $RUNE $ORN $CHONK $RFUEL $YLD $ETH,2018-01-04 15:05:44,550.0,2378,6789,False,2021-02-10 23:12:56,"📢Get 10% rebate when you buy #cryptocurrency on #Binance with my link. It's #altseason, get 10% back on #Bitcoin  &amp;… https://t.co/kGHCtSXR57","['cryptocurrency', 'Binance', 'altseason', 'Bitcoin']",Twitter Web App,False
Vaccine & Political Domains,,Vaccine and Political domains for sale at GoDaddy Auctions —— brokers welcome,2020-09-03 23:45:06,137.0,35,3403,False,2021-02-10 23:11:19,"$50 domains starting with the word “free” 

#domain #domainnames #domainname #covid #corona #coronavirus #covid19… https://t.co/pufNOElGV1","['domain', 'domainnames', 'domainname', 'covid', 'corona', 'coronavirus', 'covid19']",Twitter for iPhone,False
#Mailey,"Vancouver, BC",Lucky fool making decisions and money based on History | Market Cycles | Investing | Behavioural Economics | Probabilities | Randomness and Uncommon Sense..,2020-11-03 19:10:23,314.0,182,8639,False,2021-02-10 23:11:08,"Great watch Simon, always a great pleasure and valuable experience to listen to you!! 🙏

#Bitcoin OG
#BTC #ETH… https://t.co/HdvoisvcLe","['Bitcoin', 'BTC', 'ETH']",Twitter Web App,False
Bitcoin Mate (BTC News App),,Your BTC and crypto mate available FREE on Google Play!,2015-03-08 06:31:18,3309.0,1976,201,False,2021-02-10 23:11:03,3DwTsiaH4TJ2d1LPdApBNAkYiPfmW3WmJf Dogecoin’s Surging Price Has Resurrected Its Technical Development… https://t.co/7ylqMB1dfJ,,Twibble.io,False
#Mailey,"Vancouver, BC",Lucky fool making decisions and money based on History | Market Cycles | Investing | Behavioural Economics | Probabilities | Randomness and Uncommon Sense..,2020-11-03 19:10:23,314.0,182,8639,False,2021-02-10 23:10:58,"@SimonDixonTwitt @YouTube @Tesla @elonmusk Great watch Simon, always a great pleasure and valuable experience to li… https://t.co/tPSBJHS5ol",,Twitter Web App,False
Spyros Cryptoman De Fuego,"London, United Kingdom","#Ethereum #Eth #BTT #BITCOIN #BTC #BITTORENT #CRYPTO #INVESTOR / Trader / Broker / Betting & Casino Developer.
Owner of Dream Advertising LTD in London.",2020-10-31 00:38:30,65.0,240,125,False,2021-02-10 23:10:26,"In retrospect, it was inevitable.
Mastecards accepts CRYPTOS
#mastercard #CryptoNews #cryptocurrency #cryptoart… https://t.co/qLT9DDKrd6","['mastercard', 'CryptoNews', 'cryptocurrency', 'cryptoart']",Twitter for Android,False
Eze Justice,Nigeria,"Father,Multiple Award winning Actor/Director, C.E.O. just'IC£ INC.",2011-10-07 14:28:37,481.0,462,31,False,2021-02-10 23:10:19,"@kiwisfn @elonmusk Followed and retweeted.  Done ✅ 
Kindly send the $100 here 
1G2bo9D62a2hxV6QXvS7wABHPC4QwwYTPZ

#Bitcoin #Btc  
Thanks.","['Bitcoin', 'Btc']",Twitter for iPhone,False
aWebAnalysis | Crypto,Blockchain,"Cryptocurrencies price monitor & analysis tools.
 
Buy Crypto on Binance with a permanent 20% Discount on all commissions with this link: https://t.co/Z8wYIvvNsT",2017-08-30 19:26:58,1877.0,1454,33,False,2021-02-10 23:10:02,"Bitcoin BTC Current Price:
$45,161.73
1 Hour: 1.21% | 24 Hours: -4.05% | 7 Days: 21.40%
#btc #bitcoin","['btc', 'bitcoin']",AwebAnalysis,False
Hooligan Abroad (Every dog has its day),,"Ex Equity Strategist. Now trade own book, live simply*, answer to nobody. All Tweets bullshit unless flagged otherwise.

*if I have to wear shoes I'm not going.",2014-10-14 07:31:30,355.0,405,8821,False,2021-02-10 23:09:59,"@michael_saylor Advertising tactic called ""linking"" trying to get people to link #Bitcoin with Buffet, before it wa… https://t.co/xFGEERjA9z",['Bitcoin'],TweetDeck,False
Cryptocurrencies / USD,,Stay updated on the main cryptocurrencies of the market | @cryptosEUR for EUR | Do you miss any coin? ➡️ DMs open,2018-08-02 10:06:05,3910.0,1,10,False,2021-02-10 23:09:39,"🔄 Prices update in $USD (1 hour):

$BTC   - 45081.8 $   (+0.18 %)
$ETH   - 1744.82 $   (+0.74 %)
$XRP   - 0.51 $… https://t.co/An5o1nj9vr",,Cryptocurrencies prices to USD,False
www.DeFi.radio,DeFi,"playlist:
https://t.co/xKJQE3EQSu
https://t.co/Yx9Z89JUNJ…",2020-07-03 02:02:20,274.0,1053,4401,False,2021-02-10 23:09:18,"just added Episode 25 - Insane 888ETH ($1.5M) Genesis Land Sale! by Axie Chat
https://t.co/9CMTsI27hw
#DeFi #BTC #ETH #BITCOIN #CRYPTO","['DeFi', 'BTC', 'ETH', 'BITCOIN', 'CRYPTO']",Integromat,False
Nishant Bhardwaj,"Kota, Rajasthan","Philosopher, psychologist, spiritual, writer and a full time seeker. RW until India get a better option. Tweets may be offensive but are purely organic views.",2010-07-01 06:59:21,662.0,155,915,False,2021-02-10 23:08:14,"$FTM is looking super amazing. Should easily do 400. 🚀 

#Bitcoin #BTC #dogecoin https://t.co/0tPqv2CVkY","['Bitcoin', 'BTC', 'dogecoin']",Twitter for iPhone,False
Vaccine & Political Domains,,Vaccine and Political domains for sale at GoDaddy Auctions —— brokers welcome,2020-09-03 23:45:06,137.0,35,3403,False,2021-02-10 23:07:09,"$50 Domains starting with the word “Best” 

#domain #domainnames #domainname #covid #corona #coronavirus #covid19… https://t.co/M5rCYajktw","['domain', 'domainnames', 'domainname', 'covid', 'corona', 'coronavirus', 'covid19']",Twitter for iPhone,False
PaulCrypto.com,"Bathurst, New Brunswick, Canada",2020,2010-03-25 00:55:52,4817.0,3657,859,False,2021-02-10 23:07:06,Scott Minerd: #Bitcoin Could Hit $600k - #Breaking #BTC #BTCUSDTradingView #BTCUSDTTradingView #CryptoNews - https://t.co/GDRILH9VnQ,"['Bitcoin', 'Breaking', 'BTC', 'BTCUSDTradingView', 'BTCUSDTTradingView', 'CryptoNews']",paulcrypto,False
Neal Reasland,,"Learning everything I can about economics, investing, commodities, and cryptos. Master of nothing. My words should never be understood as investment advice.",2010-03-04 15:44:43,628.0,369,4262,False,2021-02-10 23:06:55,.@michael_saylor states that his recent webcast on how corporations might think about holding #Bitcoin in their tre… https://t.co/UqhXt82kC8,['Bitcoin'],Twitter Web App,False
#Mailey,"Vancouver, BC",Lucky fool making decisions and money based on History | Market Cycles | Investing | Behavioural Economics | Probabilities | Randomness and Uncommon Sense..,2020-11-03 19:10:23,314.0,182,8639,False,2021-02-10 23:06:43,@MattStirner @BTC_Archive @MsCryptomom1 #Mailey only slightly facetious on this play.. #BoomerSooner's with good cr… https://t.co/XpF7BnpQ73,"['Mailey', 'BoomerSooner']",Twitter Web App,False
Scotty C,Yorkshire and Switzerland,#bitcoin,2016-01-21 19:53:57,392.0,739,13622,False,2021-02-10 23:06:24,"We’re literally front running India. 

A country with the second largest population in the world, an active nuclear… https://t.co/cIPAGyiNDP",,Twitter for iPhone,False
Bitcoin Mate (BTC News App),,Your BTC and crypto mate available FREE on Google Play!,2015-03-08 06:31:18,3309.0,1976,201,False,2021-02-10 23:06:22,Virtual land can be worth more than the real thing after plot sells for record $1.5M https://t.co/j9dK1j43F8 #btc #bitcoinnews #bitcoin,"['btc', 'bitcoinnews', 'bitcoin']",Twibble.io,False
Lu,,Late to the party. One of the illest 🤫,2017-01-02 21:50:49,6.0,6,161,False,2021-02-10 23:05:26,"dip down to 39kish tomorrow? should stir enough panic

$btc #btc #Bitcoin","['btc', 'Bitcoin']",Twitter Web App,False
Vaccine & Political Domains,,Vaccine and Political domains for sale at GoDaddy Auctions —— brokers welcome,2020-09-03 23:45:06,137.0,35,3403,False,2021-02-10 23:05:22,"$50 “Virtual” and “Essential” domains

#domain #domainnames #domainname #covid #corona #coronavirus #covid19… https://t.co/H409MjIO6D","['domain', 'domainnames', 'domainname', 'covid', 'corona', 'coronavirus', 'covid19']",Twitter for iPhone,False
Thorsten Hirsch,,"Lead Blockchain Developer at DZ BANK, CTO of Sassy Solutions, should learn playing the guitar, opinions are my own.",2012-12-14 12:40:39,60.0,59,1063,False,2021-02-10 23:04:26,Mastercard will support #crypto! They will give merchants the ability to accept #bitcoin payments later this year.… https://t.co/5YMv6tfgV2,"['crypto', 'bitcoin']",Twitter Web App,False
TARTLE,"Santa Fe, New Mexico",TARTLE™ is a global data marketplace. Empowering & Protecting the Digital Identity | Sellers - What's Your Data Worth? | Buyers - Access Data from the Source,2018-07-17 19:12:33,631.0,2894,7588,False,2021-02-10 23:03:35,Microsoft Cloud Healthcare - listen here! https://t.co/26J2RzfB7H #bitcoin #cryptocurrency #crypto #blockchain #btc… https://t.co/cRUoB6GIYw,"['bitcoin', 'cryptocurrency', 'crypto', 'blockchain', 'btc']",SmarterQueue,False
Smokyho,Indonesia,"P2P and Exchange Trader.

#bitcoin #cryptocurrency #finance #fintech",2016-05-02 04:13:09,618.0,150,4769,False,2021-02-10 23:03:03,"As of February 10, 2021 at 06:03AM, 1 BTC equals 43885.1406 USD.
 
Buy Bitcoin with Amazon Gift Card here… https://t.co/ZZdL8pgm7M",,IFTTT,False
Borsatakipcisi,"Konya, Türkiye",#Bitcoin,2018-11-25 11:49:39,186.0,347,5020,False,2021-02-10 23:02:55,"@CoinDesk @CarpeNoctom @Mastercard @realDannyNelson $algo with going moon 🚀🚀
#BTC #Bitcoin","['BTC', 'Bitcoin']",Twitter for Android,False
Knotted Beard,"#bitcoin, salty sgt, him/sir","""Most of these people are not ready to be unplugged. And many of them are so inert, so hopelessly dependent on the system, that they will fight to protect it.""",2020-11-25 00:56:45,6.0,149,823,False,2021-02-10 23:02:37,#btc breakout expected in 12 hours. Will it make a run to a new all time high or will it break down? What do you th… https://t.co/8ABiKLjD6r,['btc'],Twitter Web App,False
yadio,,Free-market exchange rate | #Bitcoin,2018-07-16 16:35:55,3573.0,83,122,False,2021-02-10 23:02:02,"$BTC Latin America

🇻🇪  73,950,236,311 VES
🇨🇴  151,783,376 COP
🇵🇪  168,344 PEN
🇨🇱  34,104,135 CLP
🇦🇷  7,268,179 ARS… https://t.co/1onyW1jgZW",,yadio,False
Bitcoin Archive 🗄🚀🌔,Decentralised,Follow as we track #Bitcoin prove them all wrong - Bitcoin never forgets. 🚀🌔,2018-03-06 12:08:27,22406.0,443,39583,False,2021-02-10 23:01:49,"$129m of Bitcoin was just moved from one cold storage wallet to a brand new cold storage wallet. 

- very likely an… https://t.co/08u8lg1kEq",,Twitter for iPhone,False
coinOK,,Now part of the Dogecoin community.,2013-12-05 23:34:07,9798.0,3337,193,False,2021-02-10 23:01:14,1 BTC Price: Bitstamp 45181.48 USD Coinbase  USD #btc #bitcoin 2021-02-10 18:01 https://t.co/CivuLw4UgA,"['btc', 'bitcoin']",CoinTweety,False
CoinTrendz.com,,"📊Crypto Dashboard: https://t.co/mIQMmlsiOt!  
🚀Telegram: https://t.co/Fhqm7fsPGf  
#1 Crypto Market Bot: https://t.co/ai9DglAr6P",2016-05-22 14:27:22,28538.0,3,312,False,2021-02-10 23:00:03,"Top 10 Trading Volume in the last 24 hours
$btc #btc #bitcoin #cryptocurrency

More on https://t.co/ke7SHQm6tN 🚀 https://t.co/uJPmEmzpNM","['btc', 'bitcoin', 'cryptocurrency']",CoinTrendz,False
Coinstats,Blockchain,Stats every hour of the top 10 crypto currencies,2016-04-30 15:47:58,3508.0,0,0,False,2021-02-10 23:00:03,"Bitcoin - BTC
Price: $45,170.09
Change in 1h: +1.13794437%
Market cap: $841,308,679,685.33
Ranking: 1
#Bitcoin #BTC","['Bitcoin', 'BTC']",CoinStats,False
Kur Ne Oldu,Turkey,"Günlük Döviz Kurları /

Daily Currency Exchange Rates",2019-02-11 08:43:21,4154.0,76,45,False,2021-02-10 23:00:02,"⏰ 02:00
₿ Bitcoin = 45.242,9892 $
#bitcoin #btc #BTCUSD","['bitcoin', 'btc', 'BTCUSD']",KurNeOldu,False
Kur Kaç Oldu?,,"Günlük Döviz Kurları /

Daily Currency Exchange Rates

Eski hesap: 
@kurneoldu",2016-08-14 08:28:42,2158.0,1,3,False,2021-02-10 23:00:02,"⏰ 02:00
₿ Bitcoin = 45.242,9892 $
#bitcoin #btc #BTCUSD","['bitcoin', 'btc', 'BTCUSD']",KurKacOldu,False
PiRoyot,,Test Twitter Bot for Pi,2020-06-07 10:46:59,1.0,0,0,False,2021-02-10 23:00:02,"Market Id : BTC-AUD
Last Price :58874.12
24 Hour High :61550
24 Hour Low :57009.19
Best Bid :58874.11
Best Ask : 58874.12
#btc #bitcoin","['btc', 'bitcoin']",HashTagTrendRoy,False
Bexpress Pro,G/F UNIT 5 Aseana Powerstation,"Bexpress, Inc. is a BSP-registered cryptocurrency exchange company in the Philippines.

Instagram: https://t.co/xpJ32pY1RO
Facebook: https://t.co/GMjGvlrktG",2020-04-27 07:22:51,16.0,56,0,False,2021-02-10 23:00:01,"Cryptocurrency-related stocks skyrocketed on Monday as Bitcoin tested new highs of over $43,000 per coin.

Trade no… https://t.co/r78GD0H8iR",,Twitter Web App,False
Mike Crypto Signals,EU,"• Professional Technical Analyst.
• Spot and Margin Trading Channel.
• https://t.co/ajcafuUBEH
• Public Trading since 2017
• #Crypto #Bitcoin",2017-10-17 14:15:33,2515.0,155,27,False,2021-02-10 22:59:51,Nice spot results on #ontology $ont - 32% profit and #iota $iota - 51% profit after a month waiting for the movemen… https://t.co/K3VeGxtGpj,"['ontology', 'iota']",Twitter Web App,False
m7md.hosawi,,"Musically, not just a RAPPER! Financially, not just a trader..... #BUY HODLER",2021-01-01 05:15:22,9.0,42,896,False,2021-02-10 22:59:42,"Such a beautiful 24h high N low for $kcs 😌❤️

#BTC #Bitcoin https://t.co/jKnLgZ7KdV","['BTC', 'Bitcoin']",Twitter for iPhone,False
Vaccine & Political Domains,,Vaccine and Political domains for sale at GoDaddy Auctions —— brokers welcome,2020-09-03 23:45:06,137.0,35,3403,False,2021-02-10 22:59:40,"$50 Covid Domains 

#domain #domainnames #domainname #covid #corona #coronavirus #covid19 #vaccination #vaccine… https://t.co/FTxhit3AAi","['domain', 'domainnames', 'domainname', 'covid', 'corona', 'coronavirus', 'covid19', 'vaccination', 'vaccine']",Twitter for iPhone,False
#MakeADifference,Online,"Are you ready to make a difference?

Get $100

by downloading the free app

https://t.co/aCR3jEahTa

Prioritize People Over Profits & Help Local Businesses",2015-05-02 16:54:25,78779.0,46656,120853,False,2021-02-10 22:59:20,https://t.co/zdsqyF1dxf #Ethereum killers and layer-2 tokens rally despite 5% #Bitcoin price drop… https://t.co/fU7GLhyE3c,"['Ethereum', 'Bitcoin']",Twibble.io,False
Opportunity (Korea),,"This is an informational account about Opportunity Channel, a discord group about cryptocurrency analysis. If you are interested in joining, please dm me",2020-11-18 04:32:52,118.0,1,6,False,2021-02-10 22:58:59,"$BTC bounce fail.  I know, I mentioned about upside move couple of hours ago, but new data suggest me a potential d… https://t.co/Qp0SVTztFE",,Twitter for iPhone,False
Mr Coin Miner 💯,London,#Bitcoin $RUNE $ORN $CHONK $RFUEL $YLD $ETH,2018-01-04 15:05:44,550.0,2378,6789,False,2021-02-10 22:58:27,🤝 Follow me on @betfury_io. Let's hunt for Bitcoins together! Get an exciting experience on #1 I-Gaming platform wi… https://t.co/GPzkadHvEA,,Twitter Web App,False
btcbull47,,Bullish on Bitcoin. Providing due diligence. Tweets are my own opinions. I am not a financial advisor.,2020-12-23 13:01:48,320.0,16,5624,False,2021-02-10 22:58:18,Am I the only one who caught on to @PeterGWall ‘s confirmation that @ArgoBlockchain has applied to upgrade to a OTC… https://t.co/ofPWgpAlHU,,Twitter for iPhone,False
ClankApp - Crypto Whales Tracker 🐳,Moon,"Biggest blockchains transactions in real time. Api available: https://t.co/Vkr2eDomy9 🐳 Made in France ❤️ Powered by @blockchair, @whale_alert",2019-04-19 16:31:36,4344.0,3,132,False,2021-02-10 22:57:56,"🚀 🚀2,874 #BTC (133,876,000 USD) move from multiple addresses to unknown wallet
 
Date : 2021-02-10 22:56:42 (GMT 0)… https://t.co/w1doBvC8jF",['BTC'],ClankApp,False
Stephen L Robinson,"California, USA",It's me Esteeb. Crypto Fan. $BTC and $CEL leading us away from bank control. I am also trying to save CA before one more friend has to move to Texas.,2011-11-15 16:19:50,842.0,2115,5181,False,2021-02-10 22:56:56,🤝 Follow me on @betfury_io. Let's hunt for Bitcoins together! Get an exciting experience on #1 I-Gaming platform wi… https://t.co/bYnqSP4TkY,,Twitter Web App,False
GOLD,,All aboard the rocket ship 🚀,2020-08-13 20:51:43,168.0,333,640,False,2021-02-10 22:56:54,"I'm incredibly pleased to announce the launch of my own discord.
I'll be posting chart setups as well as market ana… https://t.co/b0OGn7Dcn2",,TweetDeck,False
Zen Trifuge,,"#provider - #consument. #advisor - #inquisitive. #interested - #tired. #alien - #indigenous. #carefree - #thoughtful.

$MTXLT $BTC - Revolution is near",2013-11-28 09:45:50,292.0,1703,2568,False,2021-02-10 22:56:18,It just started... #BTC #bitcoin #tesla #mastercard mrcatapult @elonmusk $BTC next stop $ETH https://t.co/TWC5OvFZIK,"['BTC', 'bitcoin', 'tesla', 'mastercard']",Twitter for Android,False
Block Chain Gang,,"Market Cipher
https://t.co/Qj1AQKlQBG

Block Chain Gang Youtube 
https://t.co/OgxYAJWZXH

Beurax
https://t.co/G7vneKcJo7",2020-08-17 19:22:25,108.0,447,583,False,2021-02-10 22:56:17,"For #bitcoin to go to 50K its an 11% move. 
#Btc could do this in an hour the way its moving. 
Grandpa Bitcoin can… https://t.co/CIbaPVnYTh","['bitcoin', 'Btc']",Twitter Web App,False
Artceptual,"England, United Kingdom",Gaming with a bit of art thrown in!  I'm open to suggestions so feel free to drop it on me!,2016-04-10 13:35:49,143.0,453,163,False,2021-02-10 22:55:42,@CoinbaseSupport - please will you reply to my DMs + 4 emails?  Thanks. #help #bitcoin #BTC #Support,"['help', 'bitcoin', 'BTC', 'Support']",Twitter Web App,False
AmazonCoin.io,Jungle,"👉 https://t.co/U0GNQ7fs9m Amazon DeFi, Nature DeFi 🌱🌿🌳 #amazoncoin",2017-11-15 14:44:48,1036.0,0,8,False,2021-02-10 22:55:34,"https://t.co/gJjWvcDcH7 💯
https://t.co/Ch3mVOzSJE 💯

🤑🌱👉 https://t.co/GydSZXKIno

#AmazonCoin $AMA #amazon #pay… https://t.co/2bVD3nvCQ7","['AmazonCoin', 'amazon', 'pay']",Twitter for Android,False
BitcoinAgile,Matter Doesn't Matter,"Breaking News. Bitcoin, Blockchain & Beyond. #bitcoin #blockchain #ethereum #cryptocurrency #crypto #trading #TA #charts $btc $eth",2014-01-07 23:52:46,54889.0,13381,4496,False,2021-02-10 22:54:18,#ethereum killers and layer-2 tokens rally despite 5% #bitcoin price drop #crypto #btc https://t.co/w64UGYzDOB,"['ethereum', 'bitcoin', 'crypto', 'btc']",bitcoinagile,False
Yoda,Dagobah,"FEAR is the path that leads to the dark side.
Fear leads to ANGER
Anger leads to HATE
Hate leads to SUFFERING
- YODA

#BITCOIN",2020-04-02 21:56:17,106.0,268,716,False,2021-02-10 22:53:52,"will @thetimes , because its #cryptocurrency $btc, be telling all its readers to SELL:
@Tesla
 @PayPal
 @Visa… https://t.co/l2hWvgI33K",['cryptocurrency'],Twitter Web App,False
Free Bitcoin,,"#FreeBitcoin  #Bitcoin #BTC #Bitcoinmining #ElonMusk #btcturk
#Crypto #CryptoTab 
MAKE MONEY EARN 
💱💲💱💲💰💰💸💸💳💳",2018-08-10 06:29:19,33038.0,1024,8348,False,2021-02-10 22:53:26,"@NewBoldNewYork @Manh8tan #FreeBitcoin  #Bitcoin #BTC #Bitcoinmining #ElonMusk #btcturk
#Crypto #CryptoTab By creat… https://t.co/FvWlt6YI64","['FreeBitcoin', 'Bitcoin', 'BTC', 'Bitcoinmining', 'ElonMusk', 'btcturk', 'Crypto', 'CryptoTab']",Twitter for Android,False
T:HE:JAMES. HMRH,LORD HIS EXCELLENCY JAMES HRMH,"~~THE DUKE  ARE MADE OF IRON, SILK & WOOD.~~",2010-06-25 15:15:04,30801.0,6517,4655,False,2021-02-10 22:53:23,"Bitcoin still trading at AU$ 61,139.16 this morning. #BTC #Bitcoin 
https://t.co/1XNq01CaMn

Swipe researchers and… https://t.co/Ymk6qlaKY4","['BTC', 'Bitcoin']",Twitter Web App,False
Free Bitcoin,,"#FreeBitcoin  #Bitcoin #BTC #Bitcoinmining #ElonMusk #btcturk
#Crypto #CryptoTab 
MAKE MONEY EARN 
💱💲💱💲💰💰💸💸💳💳",2018-08-10 06:29:19,33038.0,1024,8348,False,2021-02-10 22:53:19,"@jefftoodank @pokimanelol #FreeBitcoin  #Bitcoin #BTC #Bitcoinmining #ElonMusk #btcturk
#Crypto #CryptoTab By creat… https://t.co/Wca5g9JnTo","['FreeBitcoin', 'Bitcoin', 'BTC', 'Bitcoinmining', 'ElonMusk', 'btcturk', 'Crypto', 'CryptoTab']",Twitter for Android,False
Nishant Bhardwaj,"Kota, Rajasthan","Philosopher, psychologist, spiritual, writer and a full time seeker. RW until India get a better option. Tweets may be offensive but are purely organic views.",2010-07-01 06:59:21,662.0,155,915,False,2021-02-10 22:53:12,"2 hours. $SRM 🚀 

#Bitcoin #BTC #dogeto1dollar https://t.co/d0SJGBNSRW https://t.co/AdOVinwoTz","['Bitcoin', 'BTC', 'dogeto1dollar']",Twitter for iPhone,False
SeeG,Above You !,"Veni-Vidi-Tweeti / in #btc, #eth, #vet, #vtho, #ada, #sol WE TRUST!",2019-10-09 21:25:48,8.0,0,49,False,2021-02-10 22:52:32,#btc    #bitcoin    #Ethereum  #ETH #dogecoin #Cardano #ada #Solana #sol #VeChain #VET #VeThor #VTHO Cardano and Solana @ ATH !! 🥳🥳,"['btc', 'bitcoin', 'Ethereum', 'ETH', 'dogecoin', 'Cardano', 'ada', 'Solana', 'sol', 'VeChain', 'VET', 'VeThor', 'VTHO']",Twitter for iPhone,False
Cryptocurrencies / EUR,,Stay updated on the main cryptocurrencies of the market | @cryptosUSD for USD | Do you miss any coin? ➡️ DMs open,2018-08-03 21:30:08,4052.0,1,9,False,2021-02-10 22:52:31,"🔄 Prices update in $EUR (1 hour):

$BTC   - 37273.2 €  (+0.45 %)
$ETH   - 1438.6 €  (+0.93 %)
$XRP   - 0.42 €    (+… https://t.co/SESjXAgtkW",,Cryptocurrencies prices to EUR,False
timmyfredy,,Ex-professional gamer who now spends his time investing in cryptos,2020-11-24 17:36:30,98.0,667,474,False,2021-02-10 22:52:19,"In First For Commercial Bank, Blue Ridge ATMs Are Now Selling Bitcoin https://t.co/uEHThCzuiM #crypto #rich #money #btc #bitcoin","['crypto', 'rich', 'money', 'btc', 'bitcoin']",,False
Amber Twemlow (Twem)🇬🇧💂🏻👩🏼‍🎓❤️🌈😇🧜🏻‍♀️,"Point Clear, England","Twem here, Siren & anti-influencer. Tip me a Bitcoin coffee ☕️ at 3L9dzTLQRcxNpN89V6gfNrbaz95UQ5VMrZ - Princessipality of Point Clear xx",2019-02-19 00:29:07,4237.0,2942,126176,False,2021-02-10 22:52:08,"#Bitcoin #BTC current price (GBP): £32,587
Like my updates? you can tip me at 3L9dzTLQRcxNpN89V6gfNrbaz95UQ5VMrZ","['Bitcoin', 'BTC']",Twemzy,False
BeSmart 🇬🇧 🌊🌊🌊,"London, England","“Glorify the peacemaker holding the pen not the warrior holding the sword"" #BTC #Bitcoin",2011-02-08 14:37:47,1525.0,3432,30342,False,2021-02-10 22:52:06,#Mastercard Will Let Merchants Accept Payments in Crypto This Year - CoinDesk #btc #bitcoin  https://t.co/6iEJN7I4FZ,"['Mastercard', 'btc', 'bitcoin']",Twitter for iPhone,False
David Jensen,"Vancouver, British Columbia","Warned Gov. of Bank of Canada David Dodge of 2008 financial crash in 2007. 
https://t.co/EmrbaIMCOF",2017-06-06 00:17:40,6616.0,730,3932,False,2021-02-10 22:51:56,"@zerohedge -
It's okay - Tesla's new business model is #crypto promotion.

https://t.co/MUuN6DyJkX #btc $btc #bitcoin $gold $silver","['crypto', 'btc', 'bitcoin']",Twitter Web App,False
Michael Ritchie,,Just some guy,2020-08-26 02:27:44,41.0,149,3833,False,2021-02-10 22:51:25,Check out this #NFT for sale on Mintable! Pick up 'Satoshi Nakamoto Cathedral' before its swooped up!… https://t.co/BtMiLtxWeJ,['NFT'],Twitter Web App,False
BittrexPrices,,Scans Bittrex’s main currencies hourly | Also @BinancePrices @KrakenPrices | We are not @BittrexExchange | Business ➡ cryptocurrencies.prices@gmail.com,2018-05-25 20:30:07,3131.0,1,18,False,2021-02-10 22:51:15,"🔄 Prices update in $USDT (1 hour):

$BTC - 45067.76 $      (+0.41 %)
$ETH - 1740.32 $       (+0.91 %)
$XRP - 0.5 $… https://t.co/98xHEyxxZi",,Bittrex Prices,False
Free Bitcoin,,"#FreeBitcoin  #Bitcoin #BTC #Bitcoinmining #ElonMusk #btcturk
#Crypto #CryptoTab 
MAKE MONEY EARN 
💱💲💱💲💰💰💸💸💳💳",2018-08-10 06:29:19,33038.0,1024,8348,False,2021-02-10 22:50:46,"@thecryptocaddy @BinanceUS #FreeBitcoin  #Bitcoin #BTC #Bitcoinmining #ElonMusk #btcturk
#Crypto #CryptoTab By crea… https://t.co/yJsXdAQ8V2","['FreeBitcoin', 'Bitcoin', 'BTC', 'Bitcoinmining', 'ElonMusk', 'btcturk', 'Crypto', 'CryptoTab']",Twitter for Android,False
Free Bitcoin,,"#FreeBitcoin  #Bitcoin #BTC #Bitcoinmining #ElonMusk #btcturk
#Crypto #CryptoTab 
MAKE MONEY EARN 
💱💲💱💲💰💰💸💸💳💳",2018-08-10 06:29:19,33038.0,1024,8348,False,2021-02-10 22:50:37,"@Manh8tan #FreeBitcoin  #Bitcoin #BTC #Bitcoinmining #ElonMusk #btcturk
#Crypto #CryptoTab By creating your own fre… https://t.co/PaEClOwlrT","['FreeBitcoin', 'Bitcoin', 'BTC', 'Bitcoinmining', 'ElonMusk', 'btcturk', 'Crypto', 'CryptoTab']",Twitter for Android,False
Free Bitcoin,,"#FreeBitcoin  #Bitcoin #BTC #Bitcoinmining #ElonMusk #btcturk
#Crypto #CryptoTab 
MAKE MONEY EARN 
💱💲💱💲💰💰💸💸💳💳",2018-08-10 06:29:19,33038.0,1024,8348,False,2021-02-10 22:50:30,"@cryptocognitive #FreeBitcoin  #Bitcoin #BTC #Bitcoinmining #ElonMusk #btcturk
#Crypto #CryptoTab By creating your… https://t.co/agZWrO1rP8","['FreeBitcoin', 'Bitcoin', 'BTC', 'Bitcoinmining', 'ElonMusk', 'btcturk', 'Crypto', 'CryptoTab']",Twitter for Android,False
Free Bitcoin,,"#FreeBitcoin  #Bitcoin #BTC #Bitcoinmining #ElonMusk #btcturk
#Crypto #CryptoTab 
MAKE MONEY EARN 
💱💲💱💲💰💰💸💸💳💳",2018-08-10 06:29:19,33038.0,1024,8348,False,2021-02-10 22:50:23,"@Marconaut_ #FreeBitcoin  #Bitcoin #BTC #Bitcoinmining #ElonMusk #btcturk
#Crypto #CryptoTab By creating your own f… https://t.co/0Ht6KbUA3B","['FreeBitcoin', 'Bitcoin', 'BTC', 'Bitcoinmining', 'ElonMusk', 'btcturk', 'Crypto', 'CryptoTab']",Twitter for Android,False
Free Bitcoin,,"#FreeBitcoin  #Bitcoin #BTC #Bitcoinmining #ElonMusk #btcturk
#Crypto #CryptoTab 
MAKE MONEY EARN 
💱💲💱💲💰💰💸💸💳💳",2018-08-10 06:29:19,33038.0,1024,8348,False,2021-02-10 22:50:13,"@TEmigrator @PsychoOnWallst #FreeBitcoin  #Bitcoin #BTC #Bitcoinmining #ElonMusk #btcturk
#Crypto #CryptoTab By cre… https://t.co/PZiyKAUlDL","['FreeBitcoin', 'Bitcoin', 'BTC', 'Bitcoinmining', 'ElonMusk', 'btcturk', 'Crypto', 'CryptoTab']",Twitter for Android,False
Free Bitcoin,,"#FreeBitcoin  #Bitcoin #BTC #Bitcoinmining #ElonMusk #btcturk
#Crypto #CryptoTab 
MAKE MONEY EARN 
💱💲💱💲💰💰💸💸💳💳",2018-08-10 06:29:19,33038.0,1024,8348,False,2021-02-10 22:50:04,"@David_Nage #FreeBitcoin  #Bitcoin #BTC #Bitcoinmining #ElonMusk #btcturk
#Crypto #CryptoTab By creating your own f… https://t.co/QswwLnXOOd","['FreeBitcoin', 'Bitcoin', 'BTC', 'Bitcoinmining', 'ElonMusk', 'btcturk', 'Crypto', 'CryptoTab']",Twitter for Android,False
Michael Ritchie,,Just some guy,2020-08-26 02:27:44,41.0,149,3833,False,2021-02-10 22:49:19,Check out this #NFT for sale on Mintable! Pick up 'Bitcoin Riva' before its swooped up! https://t.co/Itz94Q4hqb… https://t.co/VP54KqNGT2,['NFT'],Twitter Web App,False
Rodrigo Santiago,"London, England","Brazilian Portuguese Based in London, UK.",2009-04-25 00:40:01,315.0,85,97,False,2021-02-10 22:48:43,"What will be the next company to invest in bitcoins? 

#Bitcoin
#BTC","['Bitcoin', 'BTC']",Twitter for iPhone,False
CryptoSquawk,Australia,"24x7 Crypto market real-time audio squawk for Bitcoin / BitMEX day traders. Whale trade alerts, peak volume trading, price action. Buying / selling pressure.",2017-10-05 10:13:09,1281.0,25,72,False,2021-02-10 22:48:41,"⚡ Peak $BTC volume trading across the major exchanges! Price trading around 45119
  https://t.co/iMB1mj8Cs1 👈 #Bitcoin #crypto #BTC","['Bitcoin', 'crypto', 'BTC']",CryptoSquawkBot,False
PaulCrypto.com,"Bathurst, New Brunswick, Canada",2020,2010-03-25 00:55:52,4817.0,3657,859,False,2021-02-10 22:47:01,#Tether’s #MarketCap has crossed $30 billion as large investors are buying #Bitcoin - #BTC #Cryptocurrency… https://t.co/jtLPAae9JA,"['Tether', 'MarketCap', 'Bitcoin', 'BTC', 'Cryptocurrency']",paulcrypto,False
Youssef Fedda,Australia,"love interesting startups, stocks and innovative #Blockchain projects.



INFJ-A",2021-01-13 07:16:35,2518.0,1082,191,False,2021-02-10 22:46:57,"$pols $room $idle $cvr $chs $juld $doge $btc $eth $bnb $dot $ada $link $snx $xrp $rsr
#Binance  #BTC #Bitcoin 

How… https://t.co/fM71OuUkPY","['Binance', 'BTC', 'Bitcoin']",Twitter for Android,False
Walter Hummel,,"Gerechtigkeitsanwalt
I accept #dogecoin",2020-06-09 17:12:54,157.0,571,3666,False,2021-02-10 22:44:47,"#Dogecoin Papa Elon just sent #Doge worth of 150k $ to Africa. 

#Bitcoin is the gold, $doge the currency.
Crazy Mu… https://t.co/NjRcawEZ1w","['Dogecoin', 'Doge', 'Bitcoin']",Twitter Web App,False
KD32,"Amsterdam, Nederland",#Bitcoin $XLM #Stellar $SRM $DOGE 🤑,2020-06-23 17:48:21,94.0,189,753,False,2021-02-10 22:44:16,I think today showed that alot of investors are waiting with a full bag of stablecoins to buy the dip. #BTC… https://t.co/abSsenqYyW,['BTC'],Twitter for iPhone,False
www.Bitcoiners.radio,online,"https://t.co/9rnCIJPm3b
https://t.co/6t38tJX0H9
https://t.co/AZ2ktdJUTp
https://t.co/QsSyq9U1e8
https://t.co/3etXhQyRoE
https://t.co/dyQCosWmuZ
https://t.co/Dh1HDJn65R",2020-07-06 17:04:03,175.0,281,1629,False,2021-02-10 22:43:48,"Tune in to Read_493 - Asset DNA, Explaining Bitcoin's Speculative Attack [Croesus] by Bitcoin Audible… https://t.co/o44pnaw6f7",,Integromat,False
Rodrigo Santiago,"London, England","Brazilian Portuguese Based in London, UK.",2009-04-25 00:40:01,315.0,85,97,False,2021-02-10 22:43:44,Who Let the Dogs Out? #Bitcoin #BTC,"['Bitcoin', 'BTC']",Twitter for iPhone,False
Nishant Bhardwaj,"Kota, Rajasthan","Philosopher, psychologist, spiritual, writer and a full time seeker. RW until India get a better option. Tweets may be offensive but are purely organic views.",2010-07-01 06:59:21,662.0,155,915,False,2021-02-10 22:43:06,"I do not believe in giving long term suggestions. All we know about is today and tomorrow. 

You have no clue how t… https://t.co/yIDdj7pdBs",,Twitter for iPhone,False
DeveloperSteve,Planet Earth (for now),"Developer Advocate @IBMDeveloper, prev @telstradev @XeroAPI @PayPalDev. Seasoned Dev/Ops/CTO/Maker/Geek/Gamer/Speaker/MC/Hackathon Mentor/Judge. 👫 @emmacoochin",2011-02-25 08:26:43,5272.0,3935,31376,False,2021-02-10 22:42:09,In case anyones keen to get on the #btc moon train (its not too late before it shoots up again) ... sign up to… https://t.co/hpJ4UzbGUO,['btc'],Twitter Web App,False
Dave,UK ,"@VisionCryptoApp team member 

#Bitcoin

https://t.co/gziWiNR7VD

https://t.co/jtWp7YAQ4h",2019-04-11 18:54:58,4990.0,3706,9857,False,2021-02-10 22:41:02,"The @VisionCryptoApp team spent time at a @tesla store in San Francisco a couple of years ago 😉 

Not that we are t… https://t.co/aC1xcptytV",,Twitter for Android,False
Sam Knight,On the move ,~ Expression of Soul ~ Not from 🌏👽,2010-01-11 02:54:33,1091.0,80,2183,False,2021-02-10 22:40:51,Can I bring #bitcoin on #SharkTank ? #BTC 😂,"['bitcoin', 'SharkTank', 'BTC']",Twitter for iPhone,False
$Damxchange 💎,,I’m my own bank & I’m loving it! #Bitcoin #BTC #TRON #TRX #SUN #Litecoin #LTC #BCH #BSV #ETH,2020-05-11 01:51:46,5091.0,941,6766,False,2021-02-10 22:39:59,"Pretty cool @kurtwuckertjr 👍👍

#BSV #BTC #BCH #Bitcoin https://t.co/rI2RDUzbTU","['BSV', 'BTC', 'BCH', 'Bitcoin']",Twitter for iPhone,False
zeroconfirmz💎,,Crypto with zero confirmations (you know what I mean) will change the world #BSV #BCH #TRX #TRON #WBTC #Bitcoin #LN #LightningNetwork,2021-02-02 09:31:57,1456.0,343,193,False,2021-02-10 22:38:53,"@kurtwuckertjr drew up this diagram to explain the difference between a listening node, a mining node, a mining poo… https://t.co/JgAyJtrcY0",,Twitter for iPhone,False
Jason Towsley ☕️🧢 🇨🇦🟠,"Windsor, Ontario","The Chandler Bing of CEO of Towsley Consulting for Technology Company’s Making a Positive Impact in Society. #Bitcoin 
https://t.co/2T5gLXjiHG",2010-08-18 03:18:22,549.0,638,9167,False,2021-02-10 22:38:01,"#Bitcoin and #blockchaintechnology should become synonymous with a trade... it’s not complicated, it’s either right… https://t.co/Gf9tdmYMFL","['Bitcoin', 'blockchaintechnology']",Twitter for iPhone,False
Trading MarcoDaCosta,StocksLand 💶💵💷,Investor. Trader. Thinker. Trading Strategist. 💶Private Financial Advisor. #Bitcoin #Binance #BSC #OptionsTrading 🎱,2010-03-01 19:35:17,5366.0,927,34484,False,2021-02-10 22:37:46,$MA 💳 #Mastercard Will Let Merchants Accept #Payments in #Crypto This Year. #Bitcoin #BTC  https://t.co/fKPe15reOA,"['Mastercard', 'Payments', 'Crypto', 'Bitcoin', 'BTC']",Twitter for iPhone,False
Borsatakipcisi,"Konya, Türkiye",#Bitcoin,2018-11-25 11:49:39,186.0,347,5020,False,2021-02-10 22:37:18,"$algo is best project and good team with 2021 star🚀🚀 going ATH 2021
#BTC #Bitcoin https://t.co/OARXMHihBs","['BTC', 'Bitcoin']",Twitter for Android,False
FedeLC,,Avid reader - Investor,2012-05-14 18:53:41,54.0,494,74,False,2021-02-10 22:37:10,its mere existence is an insurance policy that will remind governments that the last object the establishment could… https://t.co/O0rJiW8Keq,,Twitter for Android,False
Crypto Funder,Crypto Heaven,Crypto NEWS and SPECULATIONS 📰,2021-02-10 21:22:18,6.0,0,29,False,2021-02-10 22:37:09,"Mastercard will give merchants the ability to accept #btc payments this year. 🪙

#Bitcoin","['btc', 'Bitcoin']",Twitter Web App,False
Market Science,,"I analyze all markets, but i trade most crypto!
I love scalping!
My telegram channel: https://t.co/uBlOFb5qoJ",2020-05-25 20:40:39,437.0,173,330,False,2021-02-10 22:36:30,"$btc reached the first support at 44500 and dumped more 
In h4, is sitting on ema 20.

- If ema 20 won't hold, next… https://t.co/pQp4jM7vHV",,Twitter Web App,False
A Whole American,Providence Plantations,"He/Haw
#LibertarianNationalist #FinancialResponsibility #RuggedIndividualist #InsultsShouldBeOffensive
Parler:@AWholeAmerican
Unrepentant...",2012-02-25 03:24:11,1364.0,1949,1855,False,2021-02-10 22:35:55,Once @theDemocrats find out @getongab takes #Bitcoin as payment I'm pretty sure #BTC will face a crack down.,"['Bitcoin', 'BTC']",Twitter Web App,False
Juan Gonzales,"San Diego, CA","Nico is the Name Crypto is the game!!!

The Man the Myth The Legend!!! Download and Follow me ₿
https://t.co/zLj04E9Lj4",2020-08-11 22:43:02,32.0,31,197,False,2021-02-10 22:35:42,I swear there is a Squirrel 🐿️ in that bush   https://t.co/v8ZP1MrQww #BTC  #BitCorn #Bitcoin #addMe… https://t.co/wfEfVSEVnU,"['BTC', 'BitCorn', 'Bitcoin', 'addMe']",Twitter for Android,False
#Mailey,"Vancouver, BC",Lucky fool making decisions and money based on History | Market Cycles | Investing | Behavioural Economics | Probabilities | Randomness and Uncommon Sense..,2020-11-03 19:10:23,314.0,182,8639,False,2021-02-10 22:35:29,"@EconguyRosie Rosie not so Rosie on #Crypto 🤣 David Doomsberg is more fitting 🤣

Jokes Jokes 🙏 Much respect sir to… https://t.co/uFidijqZPG",['Crypto'],Twitter Web App,False
KrakenPrices,,"Scans Kraken's main currencies hourly | Also @BittrexPrices @BinancePrices | Not official, we are not @Krakenfx | Business ➡ cryptocurrencies.prices@gmail.com",2018-05-25 21:11:08,3210.0,1,28,False,2021-02-10 22:35:01,"🔄 Prices update in $USD (1 hour):

$BTC - 45195.1 $ (+0.88 %)
$ETH - 1741.77 $ (+1.21 %)
$XRP - 0.51 $    (+2.71 %)… https://t.co/o5L44ffp5K",,Kraken prices,False
Hulyath,,,2021-02-10 22:14:57,0.0,10,4,False,2021-02-10 22:34:39,"BadgerDAO Partners With https://t.co/A7Q5RA9lbK To Build Sustainable Bitcoin Vaults
https://t.co/KmlFZuLssD
#YFI… https://t.co/r744UO02Nw",['YFI'],esnappy,False
Dani,,For CRYPTO SIGNALS: https://t.co/VOko3Gq52d and For FOREX SIGNALS: https://t.co/ReyJxe5rm8,2020-06-13 07:31:43,8.0,2,14,False,2021-02-10 22:33:12,"#USDJPY TP2 Hit! 127 PIPS Profit🔥✨🔱

The link of Crypto and Forex Signals Channel is present in the bio. Go Check i… https://t.co/1GSThE1LxX",['USDJPY'],MagicPot,False
Hairy Angel,nowhere,"You are the entire humanity, you are the world and the world is you. -krishnamurti Love over Fear Every Time! Mirror Mirror #FREEHUGS",2012-04-26 16:12:53,195.0,141,581,False,2021-02-10 22:32:37,I just started following @freebitco but have been spinning for free #BTC for years. Click the link (add the dot fir… https://t.co/PwSsqYc6HG,['BTC'],Twitter Web App,False
TeaBeforeBrunch,,We should all have a little tea before brunch ☕️ (website loading ...),2021-01-01 16:28:32,0.0,9,2,False,2021-02-10 22:31:52,Mind your phones! Full story: https://t.co/jDdi4xafxH #BTC #Crypto #DigitalCurrency #Bitcoin #Vcoin #TBB #Future… https://t.co/2OkwUbwJRC,"['BTC', 'Crypto', 'DigitalCurrency', 'Bitcoin', 'Vcoin', 'TBB', 'Future']",Instagram,False
Borsatakipcisi,"Konya, Türkiye",#Bitcoin,2018-11-25 11:49:39,186.0,347,5020,False,2021-02-10 22:30:29,"$algo hey @Grayscale look algo and stake good price. Algo is 2021 star hodl
Algo investor year 2021 buy dip hodl🚀🚀
#BTC #Bitcoin","['BTC', 'Bitcoin']",Twitter for Android,False
PiRoyot,,Test Twitter Bot for Pi,2020-06-07 10:46:59,1.0,0,0,False,2021-02-10 22:30:01,"Market Id : BTC-AUD
Last Price :58838.51
24 Hour High :61550
24 Hour Low :57009.19
Best Bid :58838.51
Best Ask : 58875.6
#btc #bitcoin","['btc', 'bitcoin']",HashTagTrendRoy,False
J.Crypto,United States,"DM me with specific coin analysis request!






I am not a professional and this is not financial advice.",2018-01-10 15:14:11,86.0,386,270,False,2021-02-10 22:29:53,"Check me out! 

#ZRX #0x #cryptoart #cryptotwitter #cryptocurrency #altcoin #ALTSEASON #crypto #cryptotwitter… https://t.co/cWSpgCOHkn","['ZRX', '0x', 'cryptoart', 'cryptotwitter', 'cryptocurrency', 'altcoin', 'ALTSEASON', 'crypto', 'cryptotwitter']",Twitter for iPhone,False
Crypto Funder,Crypto Heaven,Crypto NEWS and SPECULATIONS 📰,2021-02-10 21:22:18,6.0,0,29,False,2021-02-10 22:29:49,"Will other companies join Tesla on picking up BTC?

- by Michael Saylor CEO of MSRT

#Bitcoin #BTC 
https://t.co/TrTSyh4uQX","['Bitcoin', 'BTC']",Twitter Web App,False
Tweetest,"La Jolla, CA",#Bitcoin is the needle that will pop the GameStop Bubble. #BTC #ETH #XLM #DOGE $RIOT $MARA $AMZN $TSLA $AAPL I’m not a cat.,2020-11-09 04:21:58,23.0,1,3280,False,2021-02-10 22:29:46,"@b_yellowblitz @soygirlnat @sakeblues @Reuters #Bitcoin is divisible up to 8 decimal points. The smallest unit, equ… https://t.co/QkccGQvyy3",['Bitcoin'],Twitter for iPhone,False
💸💸💸,To The Moon 🚀,"Former #Bitcoin maximalist who took the #DOGE Pill 🐕💸 | #Dogecoin is the People's Coin 📈 *I'm not a Financial Advisor, tweets are not financial advice*",2018-11-10 20:05:58,8887.0,221,4411,False,2021-02-10 22:29:40,".@ElonMusk just used cryptocurrency as it was intended: as a Peer-to-Peer Electronic CASH System

Why would you spe… https://t.co/I411DMwkxF",,Twitter Web App,False
BTC Thousands,,"#btc thousands. 
Simple bot tweeting the #bitcoin USD price when crossing thousands.",2019-10-20 03:22:01,27.0,6,3,False,2021-02-10 22:29:38,Bitcoin up to U$ 45k range. 4% change in 24h.  #bitcoin #btc,"['bitcoin', 'btc']","Pipedream, Inc",False
Bcoinup,Italy,Bcoinup is an educational blog on the bitcoin and crypto world themes.  Follow us on: https://t.co/mgN5TA5sYd #bitcoin #BTC #revolution,2021-01-23 22:21:06,78.0,61,550,False,2021-02-10 22:28:47,"Mastercard, Visa, Tesla, Paypal!
It starts to look awesome!

#Bitcoin #BTC #CryptoNews #cryptocurrency https://t.co/3NjpbiyDIp","['Bitcoin', 'BTC', 'CryptoNews', 'cryptocurrency']",Twitter Web App,False
Nishant Bhardwaj,"Kota, Rajasthan","Philosopher, psychologist, spiritual, writer and a full time seeker. RW until India get a better option. Tweets may be offensive but are purely organic views.",2010-07-01 06:59:21,662.0,155,915,False,2021-02-10 22:28:44,"6 days and your money is more than double if you got into it. Decent profits. $ADA 🚀 

#Bitcoin #BTC #DOGE… https://t.co/IO2ZfkXiJy","['Bitcoin', 'BTC', 'DOGE']",Twitter for iPhone,False
Royalty,Global Citizen,Emerging Leader | Silver Bullet | African Rennaissance | Politics | Tech |Alumnus of @Harvard and @BangorUni |Contributor @globalvoices| Featured on @AJStream |,2009-05-07 06:11:31,31548.0,2734,26340,True,2021-02-10 22:28:03,"If Apple Inc ever makes a move for #Bitcoin as being rumoured, I assure you, on such a day, #BTC will move up by no… https://t.co/TyJPnBgMtW","['Bitcoin', 'BTC']",Twitter for iPhone,False
sheli,,🐕🐬🐥🐈🕊🦋🐠,2014-02-22 22:39:42,0.0,18,70,False,2021-02-10 22:27:06,we need some #bitcoin  #donation to #help and #feed #animals (mostly #cats #birds #dogs) please send some #btc  to:… https://t.co/TX364PViXa,"['bitcoin', 'donation', 'help', 'feed', 'animals', 'cats', 'birds', 'dogs', 'btc']",Twitter for iPhone,False
cryptoZIM,Not financial advice.,#bitcoin,2020-07-16 15:51:32,108.0,464,13091,False,2021-02-10 22:26:37,@Fxhedgers Power play: Twitter announces #bitcoin purchase simultaneously integrating #btc tipping into Twitter.,"['bitcoin', 'btc']",Twitter Web App,False
Mohit Behrani,,#Bitcoin,2018-03-23 09:54:33,14.0,269,544,False,2021-02-10 22:26:11,"Boom!!⚡️🔥💥https://t.co/Boac4E3m27
#BTC #Bitcoin #Ethereum #ETH https://t.co/JUyn5iJLF6","['BTC', 'Bitcoin', 'Ethereum', 'ETH']",Twitter Web App,False
Crypto Analyser,,Follow and enable Notifications! Contact me on technocrat7191@gmail.com if you find any issues or if you want more currencies to be tracked.,2020-12-22 02:48:57,5.0,1,3,False,2021-02-10 22:25:49,"Current time = 03:55:49 IST 
🔸 USDT(INR): 74.655
🔸 BTC(USD): 45184.042 ₿
🔸 BTC(INR): 3360465
🔸 ETH(USD): 1740.48 Ξ… https://t.co/YjrO39uGCM",,,False
Nishant Bhardwaj,"Kota, Rajasthan","Philosopher, psychologist, spiritual, writer and a full time seeker. RW until India get a better option. Tweets may be offensive but are purely organic views.",2010-07-01 06:59:21,662.0,155,915,False,2021-02-10 22:25:31,"$TRB from 37$ to 55%. Sweet little profits in a day. 🚀 

#Bitcoin #BTC #DogecoinRise https://t.co/tnYSX4957E https://t.co/awOIX7XtOn","['Bitcoin', 'BTC', 'DogecoinRise']",Twitter for iPhone,False
Stonks Memedar 📡,"420 Wall St, NY","Automated alerts on: 
     📈 Price upgrades & downgrades
     🤔 News sentiment
     📒 Earning reports
     🔥 Trending tickers",2021-01-08 23:14:41,1011.0,1,575,False,2021-02-10 22:25:24,"*BREAKING: Mastercard will let merchants accept payments in #Bitcoin and crypto this year

$MA #Bitcoin $V #BTC #Ethereum #DOGE","['Bitcoin', 'Bitcoin', 'BTC', 'Ethereum', 'DOGE']",Twitter Web App,False
RoNo Ⓥ,🐋 The Water Is My Stadium 🐋,"#Crypto Ambassador
$VET $OCE #Bitcoin $SHA $VTHO #BTC $JUR $HRT $SPARTA $WOO investor 
#VeChain #VeFam  
REAL Catfish #whale
 
Always #DYOR 😉",2018-02-13 16:02:48,3790.0,753,35256,False,2021-02-10 22:25:02,"$HTR could be your next $DOT $ADA $SNX or $BNB 🧐✅

#Bitcoin #BTC #BNB $ETH $LTC $BCH $VET $XRP $ADA $THETA $TSLA https://t.co/xmB3tGo2h0","['Bitcoin', 'BTC', 'BNB']",Twitter Web App,False
michael floxy,"New York, USA","🌍 USA🇱🇷, France🇫🇷, UK🇦🇺
📉Forex Trader.   
📒Educating profitable traders
💱Traders builder
🗓Years of experience. 
💸Bitcoin investor💰
📈Crypto Trader.",2013-12-04 16:06:32,9.0,11,63,False,2021-02-10 22:23:55,"New trades working out 
#btc #Bitcoin #cryptocurrency  #dollar #ม็อบ10กุมภา #الامتحانات_خطر_ياريس  #CoppaItalia https://t.co/LOx1vJMkoB","['btc', 'Bitcoin', 'cryptocurrency', 'dollar', 'ม็อบ10กุมภา', 'الامتحانات_خطر_ياريس', 'CoppaItalia']",Twitter for Android,False
JoHeredia21,Venezuela,#Hive,2020-09-29 12:49:09,61.0,100,1186,False,2021-02-10 22:23:54,"Presenciamos algo realmente positivo en el precio del $Hive. Una gran demanda que va en aumento.

We witnessed some… https://t.co/dmQDhSdFt6",,Twitter for Android,False
Michell sanchez,"Florida, USA","Cuban born, American raised. Chef and Owner of Latin House #Bitcoin love since 2012 😅😅 #HODL FoodNetwork DDD,Guys Grocery Games.Chopped,",2017-05-27 19:01:50,81.0,401,1556,False,2021-02-10 22:23:14,This dip feels like the big dogs are working behind the scenes buying micro amounts every second using bots and som… https://t.co/Ao9Ex8FI3A,,Twitter for iPhone,False
The Modern Investor,Barbados,I like three things. C.A.R. - Crypto. Art. Real Estate.,2017-01-01 09:58:42,21715.0,29,1262,False,2021-02-10 22:23:05,"First PayPal... The Visa... Now Mastercard. Is there anyone who doesn't understand yet that Bitcoin is going to $1,… https://t.co/xdefqbgdro",,Twitter Web App,False
Berdio Soleo,,,2020-12-25 13:17:53,31.0,57,60,False,2021-02-10 22:21:50,"The Chinese Giant $Neo is coming  🔜 #NEO3 🚀🚀💚

#btc #bitcoin #Binance #coinbase $doge $btc $xrp $eth $ada $dot $wsb… https://t.co/eTWnlNv82u","['NEO3', 'btc', 'bitcoin', 'Binance', 'coinbase']",Twitter Web App,False
Blue Ox Capital,"Washington, DC","VC, Growth & innovative Co’s, & SPACs, Utilizing the Revolving Door Strategy© ""RDS"", a portfolio cash flow strategy. NOT INVESTMENT ADVICE",2020-12-29 19:07:44,40.0,97,123,False,2021-02-10 22:21:43,Inverse Leveraged ETFs here against Biden &amp; ESG #sectors? #bold #hedge #fintwit #finance #StocksToBuy… https://t.co/h9nekZpyhZ,"['sectors', 'bold', 'hedge', 'fintwit', 'finance', 'StocksToBuy']",Twitter for iPad,False
JonK🇪🇺,,TradingView: https://t.co/UAWHoqFVIA Stocks + Bitcoin ideas and updates. (No trading advice!! / Keine Finanzberatung!!),2020-05-25 21:06:44,13.0,159,100,False,2021-02-10 22:20:59,"#Bitcoin fighting with major uptrending resistance. 
The RSI did not yet have a proper reset. In the last bull mark… https://t.co/r88L36JJrF",['Bitcoin'],Twitter for iPhone,False
xbt_blvrg,,I trade crypto futures and flip #BTC.,2011-11-09 16:38:56,634.0,192,514,False,2021-02-10 22:19:59,"$BTC

slowly starting to add back on my long.

#BTC  #Bitcoin  $BTCUSD #crypto $crypto https://t.co/A6CbyDzdVy","['BTC', 'Bitcoin', 'crypto']",Twitter for iPhone,False
Alex,,"All about #Cryptocurrency!! 
Donations🤑 #BTC➡️bc1qxx2wx0v9vdes7vampdn8w7r5xd8v74n94k894d #ETH➡️0x29f5caa2a7aB76b70CB7C1a8b47d2b8EccBaC57b #Crypto #btcdonation",2021-01-31 15:07:10,8.0,35,236,False,2021-02-10 22:19:08,Will #Apple follow #Tesla and buy #Bitcoin ?? #bttcoin #BTC #Crypto #cryptocurrency $btc,"['Apple', 'Tesla', 'Bitcoin', 'bttcoin', 'BTC', 'Crypto', 'cryptocurrency']",Twitter for Android,False
Crypto is the future,,"I will post a lot of buying signals for BTC trading, so I hope that you block me. Drop all everything, Buy Bitcoin for the future I was together with you!",2019-09-28 16:48:12,625.0,129,14,False,2021-02-10 22:19:02,$BTC Going up signal on a 30 minute chart! Price: \4898128.0 (2021/02/11 07:15) #Bitcoin #FX #BTC #crypto,"['Bitcoin', 'FX', 'BTC', 'crypto']",dlvr.it,False
Omar Arrawi,"England, United Kingdom","BCH is the best cash so far. Tweet at me!
Interested in art, technology, finance, blockchain and movies.
(I'm now team BCH)",2020-06-13 14:38:29,70.0,1356,265,False,2021-02-10 22:18:53,"BTC payment still not done
It's 21:18 pm now
I know it will take at least another hour.. maybe 3 hours+.. I can't t… https://t.co/qmmsZGibqM",,Twitter for Android,False
Adem Aslan,Türkiye,"Just Hodl ! #cryptocurrency
#ethereum 
#bitcoin

Telegram: TeknikAnalizTR",2021-01-01 15:11:09,50.0,156,85,False,2021-02-10 22:17:36,"Don't forget, JUST HODL ! 🚨🚨🚀
#cryptocurrency #HODL #hold #bitcoin #btc #Ethereum #eth
#DOGE #Cardano #Ripple #LINK… https://t.co/lNsODwh6fI","['cryptocurrency', 'HODL', 'hold', 'bitcoin', 'btc', 'Ethereum', 'eth', 'DOGE', 'Cardano', 'Ripple', 'LINK']",Twitter for Android,False
Crypto News Analyst,"Atlanta, GA",#Bitcoin  We aim to bring you the latest Headlines and Analysis on Cryptocurrency,2021-01-15 19:34:43,36.0,23,432,False,2021-02-10 22:15:26,"Want to Learn and Earn FREE 💰 #CRYPTOCURRENCY stay tunded to this edition of CNA !! #CryptoNews
#cryptotrading… https://t.co/4KLD9Mtq6S","['CRYPTOCURRENCY', 'CryptoNews', 'cryptotrading']",Twitter for Android,False
bidcoin_channel,,"bidcoin is a revolutionary way to get #cryptocurrencies, such as #bitcoin #btc or #ethereum #eth
Have fun and obtain your reward on https://t.co/e6GIKqoEf7",2019-07-16 17:34:52,25.0,1,1,False,2021-02-10 22:14:01,#bidcoin social #reward program gives you #FREE bid token to #play right away! NO need to recharge!! 😍 click now… https://t.co/R7jJ4a0a7Y,"['bidcoin', 'reward', 'FREE', 'play']",BidNews,False
Anthony,"Toronto, Ontario",29 // And I oop. Want your piece of the #Bitcoin pie? Sign up for #Shakepay w/ the link in my bio! #Canada,2009-03-05 14:50:18,1170.0,466,2594,False,2021-02-10 22:14:00,Love this community! #Bitcoin #BTC #ForThePeople #WSB $BB $AMC $NOK $GME #BANG https://t.co/NOiqZO1CKq,"['Bitcoin', 'BTC', 'ForThePeople', 'WSB', 'BANG']",Twitter for iPhone,False
CryptoParos,New York,Pilot + Industrial Engineer + PhD in World Politics. TA's never investment advice. https://t.co/6IC98De3tT,2020-09-04 23:54:04,4150.0,0,1802,False,2021-02-10 22:13:45,"#RSRBTC hit the third target, 127 sats.🚀🚀🚀

19 % profit in the bag already.💰💰💰

#rsr #rsrbtc #rsrusdt $rsr #btc￼… https://t.co/yR34eLC7bI","['RSRBTC', 'rsr', 'rsrbtc', 'rsrusdt', 'btc']",Twitter Web App,False
Xavier Chua,My Small Youtube Channel 👉🏻,"Let's talk Tech 👨‍💻, Sports 🏀, Life 🧬 and Gaming. 🎮 Cats included 🐈 I also talk $BTC $XRP $ETH",2020-01-26 22:29:19,149.0,654,1164,False,2021-02-10 22:13:33,"What’s your Crypto Risk Appetite?

#Cryptocurrencies #Bitcoin #ETH #XRP #ADA #DOT #LINK #BNB #BTC #BSC #DeFi","['Cryptocurrencies', 'Bitcoin', 'ETH', 'XRP', 'ADA', 'DOT', 'LINK', 'BNB', 'BTC', 'BSC', 'DeFi']",Twitter for iPhone,False
Demi Crypto,"Dubai, UAE",#blockchain #crypto #money #cardano #litecoin #btc #bitcoin #xrp #cryptocurrency #followtrick #chainlink #eth #finance #ethereum #cryptonews #DeFi #Uniswap #ada,2020-10-23 19:10:17,644.0,934,2376,False,2021-02-10 22:13:25,Follow me @cryptodemi    #Bitcoin #Cardano #BTC https://t.co/iI2qhcBi4P,"['Bitcoin', 'Cardano', 'BTC']",Twitter Web App,False
jabak,Nope,"The left has nothing going right, and the right has nothing left.",2020-01-31 18:50:31,42.0,201,12050,False,2021-02-10 22:13:19,$STX is going to 1$ by the end of this week. Get onboard!! #blockstack #Bitcoin #BTC $BTC,"['blockstack', 'Bitcoin', 'BTC']",Twitter Web App,False
Fernz,Mexico,"Guitarist, Playlist curator, song writer and investment aficionado. $ADA Cardano #Bitcoin",2016-10-21 19:04:15,77.0,384,217,False,2021-02-10 22:11:42,"Mercado Crypto Vale + que Google, Bitcoin rompe $48,000 ... https://t.co/ToGkLGVjc2 #bitcoin #BTC","['bitcoin', 'BTC']",Twitter Web App,False
Łitecoin Bull | The News Before The News!,"Brisbane, Queensland","Senior #Crypto Analyst, 💰Blogger, Entrepreneur, Predictive Linguistics Data, Investor,  Join Us --  https://t.co/jhp1qipqP8",2018-03-16 00:01:14,14386.0,3200,276307,False,2021-02-10 22:11:27,"Correlation Between S&amp;P 500 And #Bitcoin 

#Truth #Crypto #Btc #SPX #Investing https://t.co/lroL74THpE","['Bitcoin', 'Truth', 'Crypto', 'Btc', 'SPX', 'Investing']",Twitter Web App,False
Trading All In @TradingAllIn.com #MNGDby.@MichDe Ⓜ,Wall Street Riding the Bull!,"#TradingAllIn Every Cent Every Second Every Market 
Place Orders Make Trades No Bets No Games 
#Stock #FinTech #Crypto 
#Bitcoin #Ethereum #DOGEcoin💎
Ⓜ@MichDeⓂ",2020-11-29 19:36:12,1432.0,900,4147,False,2021-02-10 22:11:20,"https://t.co/mns1rudicu

The long-time software executive sees #bitcoin as a form of ""digital gold"" and it's the… https://t.co/Kae2mguSou",['bitcoin'],Twitter for Android,False
Crypto Cars Online,"Dallas, TX","Crypto Cars Online is a first company in the U.S. to offer vehicle purchases with Crypto Currency, offering new and pre leased vehicles.  #Bitcoin",2020-10-05 16:10:27,519.0,4532,1875,False,2021-02-10 22:11:15,"The track-inspired, first wide-body Audi RS 7 captivates with unbridled power and a kinetic presence🏁. Shop now wit… https://t.co/gMvSwFKKCB",,Hootsuite Inc.,False
HODLFIRE!🔥,Run The Numbers 👉🏼,"#HODL & F.I.R.E. strategies to build #Bitcoin wealth!
Learn how to compound interest on bitcoin with our spreadsheet.
https://t.co/kkb1ZOKxL5",2020-06-01 23:06:34,358.0,242,6801,False,2021-02-10 22:10:55,"Today $1 buys 2,226 satoshi's

0.00002226 #BTC
0.00002226 Sats
2,226 Sats

A fraction of a #Bitcoin 

Run the Numbe… https://t.co/fsyB1A7MxJ","['BTC', 'Bitcoin']",Twitter Web App,False
Satoshistan ₿,Cuba,"PRICE/TIME TRIANGULUM 📐 CHARCITECT
This page is my notebook, don't take it so serious or u get rekt!
https://t.co/Tes8aPutdY",2019-01-04 02:00:39,246.0,183,1580,False,2021-02-10 22:10:30,"and mid-high time frame divergence almost on all oscillators. I will be very careful by trading it

#BTC 

 $eth… https://t.co/D3AG9LZ1xs",['BTC'],Twitter Web App,False
aWebAnalysis | Crypto,Blockchain,"Cryptocurrencies price monitor & analysis tools.
 
Buy Crypto on Binance with a permanent 20% Discount on all commissions with this link: https://t.co/Z8wYIvvNsT",2017-08-30 19:26:58,1877.0,1454,33,False,2021-02-10 22:10:02,"Bitcoin BTC Current Price:
$44,959.90
1 Hour: -0.49% | 24 Hours: -4.46% | 7 Days: 21.37%
#btc #bitcoin","['btc', 'bitcoin']",AwebAnalysis,False
Cryptocurrencies / USD,,Stay updated on the main cryptocurrencies of the market | @cryptosEUR for EUR | Do you miss any coin? ➡️ DMs open,2018-08-02 10:06:05,3910.0,1,10,False,2021-02-10 22:09:29,"🔄 Prices update in $USD (1 hour):

$BTC   - 45000.0 $   (+1.09 %)
$ETH   - 1732.0 $    (+0.67 %)
$XRP   - 0.5 $… https://t.co/bCotdloRfC",,Cryptocurrencies prices to USD,False
hamdi ertan,,"Telegram
@Shdcompany_bot",2019-10-11 15:54:48,26.0,148,423,False,2021-02-10 22:07:19,"@ShdCash 
Coming Soon🚀🔥
#cryptocurrency
#btc  
#bitcoin  
#eth
#crypto
#blockchain
#kriptopara
#trading
#ethereum… https://t.co/2OiyKQyhjS","['cryptocurrency', 'btc', 'bitcoin', 'eth', 'crypto', 'blockchain', 'kriptopara', 'trading', 'ethereum']",Twitter for Android,False
Smoother Man,,"Success Motivator, Inspirational, Boss life teacher, Mens Advice, Mens Style,",2014-04-09 17:51:05,49.0,90,1169,False,2021-02-10 22:07:02,Start your #Bitcoin investing today and Get $10 of #BTC when you sign up and make your 1st investment. #bitcoins… https://t.co/5ImNW0cPYK,"['Bitcoin', 'BTC', 'bitcoins']",Twitter Web App,False
Bitcoin Mate (BTC News App),,Your BTC and crypto mate available FREE on Google Play!,2015-03-08 06:31:18,3309.0,1976,201,False,2021-02-10 22:06:12,CME’s Ether futures drove more than $30M volume on first day https://t.co/LtlLjbqRg5 #btc #bitcoinnews #bitcoin,"['btc', 'bitcoinnews', 'bitcoin']",Twibble.io,False
Joe Martin,,"Bitcoin, Blockchain & Co. – The Truth, and Nothing but the Truth – THE BOOK about bitcoin and blockchain",2017-10-14 09:36:42,327.0,941,57,False,2021-02-10 22:06:03,"The more people involved, the greater the recognition of the opportunity that blockchain technology introduces. The… https://t.co/3eLvgoQeB4",,SocialOomph,False
Colin Robinson 🧛‍♂️,"Staten Island, NY","Satoshi Vampire.  #gemhunter #wsb
#uniswap #DeFi 
           
          
                                
     
https://t.co/Vt3kpN1ikp",2019-02-01 02:28:51,1598.0,5006,12445,False,2021-02-10 22:05:48,"@CryptoWizardd $KOBE  🚀

#YieldFarming
max supply 54m

Trade here https://t.co/57VTDuAUXY

#DeFi #cryptocurrencies… https://t.co/oVXMCxYhQ4","['YieldFarming', 'DeFi', 'cryptocurrencies']",Twitter for Android,False
Bitcoin 🚀,,I bought #bitcoin before Elon Musk,2021-02-06 12:11:46,6.0,25,83,False,2021-02-10 22:05:44,How do you store your #Bitcoin ? #BTC #Cryptocurency,"['Bitcoin', 'BTC', 'Cryptocurency']",Twitter for iPhone,False
Satoshistan ₿,Cuba,"PRICE/TIME TRIANGULUM 📐 CHARCITECT
This page is my notebook, don't take it so serious or u get rekt!
https://t.co/Tes8aPutdY",2019-01-04 02:00:39,246.0,183,1580,False,2021-02-10 22:05:34,"also an extra structure supporting this to be happened

#BTC 

 $eth #ethusd #ethusdt #ethbtc #bitcoin #btcusd… https://t.co/UhEnAxmxML","['BTC', 'ethusd', 'ethusdt', 'ethbtc', 'bitcoin', 'btcusd']",Twitter Web App,False
CoinShark - Bitcoin | Fintech | Blockchain News,United States,"Bitcoin Info, Fintech News, Blockchain Technology and much more about crypto - CoinShark.🦈  #CoinShark",2017-11-20 14:48:02,1287.0,672,1095,False,2021-02-10 22:05:33,"https://t.co/0llzD7vaC9

#Huobi Global Will Donate 1 Million #AKRO 
🎉💝🚀
In honor of the Lunar New Year on the platf… https://t.co/GZPMBC8bGu","['Huobi', 'AKRO']",Twitter Web App,False
Ilker Yildiz,,"Just Illy! 🌍

Get 10% Cashback with Binance Exchange:
https://t.co/outOauQnMx",2010-12-09 15:30:46,42.0,162,234,False,2021-02-10 22:05:26,Join my Stream LIVE on YouTube! How to mine #BitCoin with #GamerHashCom! @IllyStern LIVE on #ILLYWHATSNEXT on… https://t.co/FbqrONC0Wf,"['BitCoin', 'GamerHashCom', 'ILLYWHATSNEXT']",Twitter Web App,False
CryptoParos,New York,Pilot + Industrial Engineer + PhD in World Politics. TA's never investment advice. https://t.co/6IC98De3tT,2020-09-04 23:54:04,4150.0,0,1802,False,2021-02-10 22:05:15,"Is it BULLSEYE again ??? 🎯🎯🎯

GRT / USDT (Before &amp; after)

#GRTUSDT hit all the targets set by #CryptoParos.🚀

164… https://t.co/hqNhCWSC63","['GRTUSDT', 'CryptoParos']",Twitter Web App,False
BitSavage,EARTH - y37,"https://t.co/HXM4nKPGFU
Create the reality you desire..  #bitcoin🕷 #eth and beyond https://t.co/KLPJzXPrQh",2009-01-19 00:28:42,3666.0,5000,46194,False,2021-02-10 22:04:29,"I love this place... Being able to share my talents with the world in an immersive format is BLISS.

@ADORORG tune… https://t.co/fGPN50mZ6z",,Twitter Web App,False
jabak,Nope,"The left has nothing going right, and the right has nothing left.",2020-01-31 18:50:31,42.0,201,12050,False,2021-02-10 22:03:54,$STX is going to 10$. Buckle up. The next most valuable thing after Bitcoin. #Ethereum #Bitcoin #BTC $BTC,"['Ethereum', 'Bitcoin', 'BTC']",Twitter Web App,False
tamanalysis08,,observer😎 technical analyst👊🏻 crypto analysis 🚀 Nothing I Tweet is financial advice.                    #bluewolf,2020-11-13 12:38:09,28.0,163,80,False,2021-02-10 22:03:22,"very good #AVAX  so you're just seeing the tip of an iceberg. 😎

#Binance #BTC #BSC #paribu #btcturk #1INCH #hedef… https://t.co/vqjwB7dkwr","['AVAX', 'Binance', 'BTC', 'BSC', 'paribu', 'btcturk', '1INCH', 'hedef']",Twitter for iPhone,False
Crypto Alex,👉 No Financial Advice! 👈,"Founder of the @CleverCryptoDog Community 😍
Crypto and Marketing Influencer 😎
Join @CleverCryptoDog for all about #Crypto + #Bitcoin
Regular #Giveaways 🎁",2009-11-14 17:04:35,7129.0,561,7196,False,2021-02-10 22:03:18,"-
Have a look at this new 10$ Giveaway 🍀

Just 12 hour left to join ⏰

#Ad #cryptocurrency #Giveaway #Airdrop… https://t.co/OdkFW6qP8k","['Ad', 'cryptocurrency', 'Giveaway', 'Airdrop']",Twitter Web App,False
🐐,"Memphis, TN",Model 🥶utk23🍊🤟🏾 $CharlieFolsom,2014-02-03 03:30:53,486.0,718,5430,False,2021-02-10 22:03:11,Buy $BTC ‼️‼️ #btc #Bitcoin #BTC,"['btc', 'Bitcoin', 'BTC']",Twitter for iPhone,False
Colin Robinson 🧛‍♂️,"Staten Island, NY","Satoshi Vampire.  #gemhunter #wsb
#uniswap #DeFi 
           
          
                                
     
https://t.co/Vt3kpN1ikp",2019-02-01 02:28:51,1598.0,5006,12445,False,2021-02-10 22:02:15,"@MartiniGuyYT $KOBE  🚀

#YieldFarming
max supply 54m

Trade here https://t.co/57VTDuAUXY

#DeFi #cryptocurrencies… https://t.co/wrfuO0v2k0","['YieldFarming', 'DeFi', 'cryptocurrencies']",Twitter for Android,False
CryptoWhale,Malta,"#Bitcoin stronghold

BSC farming whale...

Not financial advice. Just sharing my trades. DoYourOwnResearch",2012-05-25 13:09:49,154.0,40,788,False,2021-02-10 22:01:59,"My favourite earned me good profit again.

I sold half of my #STX at 0.589$ level. A fair %15 gain in a day.

@stx… https://t.co/948mHJ7Uik",['STX'],Twitter for Android,False
That Martini Guy ₿,Monaco,82k Subscriber #Bitcoin & #Crypto News Youtuber | Bitcoin since 2013 | Cryptocurrency & Stock investor | Made a fortune betting on myself 🚀🚀🚀,2016-10-03 14:11:43,39596.0,934,32483,False,2021-02-10 22:01:58,"ALERT!!🚨SHOCKING BITCOIN PRICE MOVE!!!  🚨  ⚠️

In Todays Video:
-  #BITCOIN VOLATILE!!!
-   SMALL ALTCOINS WITH 10x… https://t.co/vm6NHrI4i5",['BITCOIN'],Twitter Web App,False
coinOK,,Now part of the Dogecoin community.,2013-12-05 23:34:07,9798.0,3337,193,False,2021-02-10 22:01:43,1 BTC Price: Bitstamp 45042.11 USD Coinbase  USD #btc #bitcoin 2021-02-10 17:01 https://t.co/UTUR9Ynjti,"['btc', 'bitcoin']",CoinTweety,False
Colin Robinson 🧛‍♂️,"Staten Island, NY","Satoshi Vampire.  #gemhunter #wsb
#uniswap #DeFi 
           
          
                                
     
https://t.co/Vt3kpN1ikp",2019-02-01 02:28:51,1598.0,5006,12445,False,2021-02-10 22:01:25,"@Coinwise_QvQ @Adouble212 $KOBE  🚀

#YieldFarming
max supply 54m

Trade here https://t.co/57VTDuAUXY

#DeFi… https://t.co/YN8MspFbTk","['YieldFarming', 'DeFi']",Twitter for Android,False
PricklyPlush,,In the process of making the world a better place. Day 1 (3) 5555 Club Member.,2020-07-31 03:50:11,120.0,41,221,False,2021-02-10 22:01:12,"@THEAnnette 1/2 Been holding #BTC for years #cryptotwitter?

Imagine all those years you held tight to that… https://t.co/ePUNwJAt5v","['BTC', 'cryptotwitter']",Twitter Web App,False
Seekinganswers,,The seeker becomes the finder.,2020-05-19 21:38:53,17.0,475,301,False,2021-02-10 22:00:55,@f2pool_official i see what your doin and so can everyone else #CryptoNews #blockchain #BTC #InCryptoWeTrust #Bitcoin #ETH #dogearmy,"['CryptoNews', 'blockchain', 'BTC', 'InCryptoWeTrust', 'Bitcoin', 'ETH', 'dogearmy']",Twitter for Android,False
Team42 Crypto,United Kingdom,"@bitcoin & Crypto trader in the industry since 2014, offering 121 trading advice & services. if you need support, we are here to assist with anything you need.",2020-08-14 09:16:26,161.0,23,62,False,2021-02-10 22:00:45,#Hoskinson sparks rumours of #Apple and #Oracle #Partnership which would fit nicely into the #AppleIOS #ecosystem a… https://t.co/y7lmvUEVjN,"['Hoskinson', 'Apple', 'Oracle', 'Partnership', 'AppleIOS', 'ecosystem']",Twitter for iPhone,False
anacott33,NYC,Aeris Capital - AEV,2011-03-23 12:43:11,457.0,1679,1810,False,2021-02-10 22:00:35,"Mastercard Will Let Merchants Accept Payments in Crypto This Year

https://t.co/X63TFojkd4
 
#btc #bitcoin #usd https://t.co/Ve7sGR13Gn","['btc', 'bitcoin', 'usd']",TweetDeck,False
Coinstats,Blockchain,Stats every hour of the top 10 crypto currencies,2016-04-30 15:47:58,3508.0,0,0,False,2021-02-10 22:00:05,"Bitcoin - BTC
Price: $44,899.88
Change in 1h: -0.60451676%
Market cap: $836,273,188,500.08
Ranking: 1
#Bitcoin #BTC","['Bitcoin', 'BTC']",CoinStats,False
Kur Ne Oldu,Turkey,"Günlük Döviz Kurları /

Daily Currency Exchange Rates",2019-02-11 08:43:21,4154.0,76,45,False,2021-02-10 22:00:02,"⏰ 01:00
₿ Bitcoin = 44.998,6093 $
#bitcoin #btc #BTCUSD","['bitcoin', 'btc', 'BTCUSD']",KurNeOldu,False
Crypto Trader,,Bot to stream crypto (mostly BTC) info and flag a few traditional TA triggers. BTC/BCC tips: 14pNtiA3KLnAYBXrRtkRcESpVonQd65qqx,2017-09-09 04:26:15,1094.0,161,59,False,2021-02-10 22:00:02,"Bitcoin: $44,988.42
 -4.78% (-$2258.19)
High: $47,300
Low: $43,766
Volume: 715

$BTC #BTC #bitcoin","['BTC', 'bitcoin']",CryptoTradeBot2,False
Kur Kaç Oldu?,,"Günlük Döviz Kurları /

Daily Currency Exchange Rates

Eski hesap: 
@kurneoldu",2016-08-14 08:28:42,2158.0,1,3,False,2021-02-10 22:00:02,"⏰ 01:00
₿ Bitcoin = 44.998,6093 $
#bitcoin #btc #BTCUSD","['bitcoin', 'btc', 'BTCUSD']",KurKacOldu,False
PiRoyot,,Test Twitter Bot for Pi,2020-06-07 10:46:59,1.0,0,0,False,2021-02-10 22:00:02,"Market Id : BTC-AUD
Last Price :58500
24 Hour High :61550
24 Hour Low :57009.19
Best Bid :58420.01
Best Ask : 58500
#btc #bitcoin","['btc', 'bitcoin']",HashTagTrendRoy,False
Password Coach,"Sydney, New South Wales",#cybersecurity micro #training for a safer web. Hit FOLLOW to learn each day in bite-sized chunks. #Privacy #security #free #home. RTs appreciated ⭐️⭐️⭐️⭐️⭐️,2016-10-18 03:03:29,2109.0,3429,140,False,2021-02-10 21:59:59,BINGO! We just converted a pattern to one or more secure and disconnected passwords. This is how to secure your wal… https://t.co/QvwqiZ7pNM,,CoSchedule,False
